order_date,total_orders,total_items,gross_revenue,total_discount,total_tax,net_revenue,average_order_value,unique_customers
2024-01-01,41,305,10146456.66,798098.03,0.00,9348358.63,228008.75,41
2024-01-02,58,472,18273870.73,1445890.19,0.00,16827980.54,290137.6,58
2024-01-03,46,317,12557221.94,1001858.39,0.00,11555363.55,251203.56,46
2024-01-04,53,415,15678928.77,1206086.80,0.00,14472841.97,273072.49,53
2024-01-05,53,386,14277736.70,1221683.02,0.00,13056053.68,246340.64,53
2024-01-06,61,497,19087555.12,1566750.36,0.00,17520804.76,287226.31,61
2024-01-07,51,384,14514487.54,1060026.75,0.00,13454460.79,263812.96,51
2024-01-08,67,456,17088889.41,1522926.69,0.00,15565962.72,232327.8,67
2024-01-09,42,353,14209772.09,1048924.16,0.00,13160847.93,313353.52,42
2024-01-10,53,452,16633220.11,1162454.84,0.00,15470765.27,291901.23,52
2024-01-11,57,403,15804990.87,1352236.02,0.00,14452754.85,253557.1,56
2024-01-12,55,447,17413497.16,1309808.90,0.00,16103688.26,292794.33,55
2024-01-13,58,399,16911250.78,1440996.33,0.00,15470254.45,266728.53,57
2024-01-14,51,394,13708433.64,1240368.48,0.00,12468065.16,244471.87,51
2024-01-15,75,562,21634014.87,1646140.60,0.00,19987874.27,266504.99,73
2024-01-16,53,431,16956898.04,1299424.02,0.00,15657474.02,295424.04,53
2024-01-17,58,402,15684357.37,965676.93,0.00,14718680.44,253770.35,58
2024-01-18,75,560,22841566.53,1947954.22,0.00,20893612.31,278581.5,74
2024-01-19,45,303,10571302.58,1071594.12,0.00,9499708.46,211104.63,45
2024-01-20,59,473,18940343.87,1571599.06,0.00,17368744.81,294385.51,59
2024-01-21,59,469,17961472.00,1455291.04,0.00,16506180.96,279765.78,58
2024-01-22,52,363,14560093.04,1018022.36,0.00,13542070.68,260424.44,50
2024-01-23,47,363,13879678.16,886302.05,0.00,12993376.11,276454.81,47
2024-01-24,54,425,17667031.91,1429718.70,0.00,16237313.21,300690.99,54
2024-01-25,39,288,11294590.37,813571.86,0.00,10481018.51,268744.06,39
2024-01-26,53,385,16363620.50,1415834.06,0.00,14947786.44,282033.71,53
2024-01-27,52,391,14827338.86,1139583.40,0.00,13687755.46,263226.07,52
2024-01-28,36,251,9727966.18,671727.93,0.00,9056238.25,251562.17,36
2024-01-29,56,404,15030623.86,1202641.68,0.00,13827982.18,246928.25,54
2024-01-30,48,383,14758631.26,1238775.03,0.00,13519856.23,281663.67,48
2024-01-31,53,407,14974562.90,1032410.58,0.00,13942152.32,263059.48,52
2024-02-01,40,303,11478342.47,867713.51,0.00,10610628.96,265265.72,40
2024-02-02,53,409,16042354.78,1182883.98,0.00,14859470.80,280367.37,53
2024-02-03,55,422,17484985.42,1250108.97,0.00,16234876.45,295179.57,55
2024-02-04,46,310,11319682.58,971504.84,0.00,10348177.74,224960.39,46
2024-02-05,70,481,17431976.54,1353390.83,0.00,16078585.71,229694.08,69
2024-02-06,67,572,23219483.28,2011444.53,0.00,21208038.75,316537.89,67
2024-02-07,55,402,16578331.24,1107176.66,0.00,15471154.58,281293.72,54
2024-02-08,60,419,16600439.92,1232510.78,0.00,15367929.14,256132.15,60
2024-02-09,63,503,20510350.26,1816248.98,0.00,18694101.28,296731.77,61
2024-02-10,55,423,16122598.51,1191424.71,0.00,14931173.80,271475.89,55
2024-02-11,55,430,16164259.09,1137926.83,0.00,15026332.26,273206.04,55
2024-02-12,64,484,17534125.80,1389715.47,0.00,16144410.33,252256.41,64
2024-02-13,53,377,13817989.01,993886.86,0.00,12824102.15,241964.19,52
2024-02-14,50,332,11939872.37,933449.50,0.00,11006422.87,220128.46,49
2024-02-15,50,334,14105117.88,1208033.47,0.00,12897084.41,257941.69,50
2024-02-16,62,469,18316162.40,1395078.19,0.00,16921084.21,272920.71,61
2024-02-17,58,444,17937349.14,1469980.86,0.00,16467368.28,283920.14,58
2024-02-18,40,272,9683492.47,622283.45,0.00,9061209.02,226530.23,40
2024-02-19,47,378,14744060.36,1332658.23,0.00,13411402.13,285348.98,47
2024-02-20,53,386,14806302.77,1263232.92,0.00,13543069.85,255529.62,53
2024-02-21,61,498,18037474.00,1518464.73,0.00,16519009.27,270803.43,61
2024-02-22,52,365,13199157.26,1217766.58,0.00,11981390.68,230411.36,52
2024-02-23,42,295,12309653.11,1244632.77,0.00,11065020.34,263452.87,42
2024-02-24,58,492,18580582.47,1334431.94,0.00,17246150.53,297347.42,58
2024-02-25,54,396,15457225.62,1435039.23,0.00,14022186.39,259670.12,54
2024-02-26,50,384,15871017.08,1092140.23,0.00,14778876.85,295577.54,50
2024-02-27,62,425,15527065.77,1262940.93,0.00,14264124.84,230066.53,62
2024-02-28,53,382,14867064.80,1140722.06,0.00,13726342.74,258987.6,53
2024-02-29,41,284,10697599.65,745283.29,0.00,9952316.36,242739.42,41
2024-03-01,50,337,13333648.06,878169.85,0.00,12455478.21,249109.56,50
2024-03-02,56,417,15364764.86,1239901.36,0.00,14124863.50,252229.71,56
2024-03-03,53,434,14591666.36,1122223.51,0.00,13469442.85,254140.43,52
2024-03-04,44,339,12089997.76,1085923.94,0.00,11004073.82,250092.59,44
2024-03-05,43,371,14461395.19,954856.04,0.00,13506539.15,314105.56,43
2024-03-06,65,473,17444087.64,1271482.21,0.00,16172605.43,248809.31,64
2024-03-07,51,372,14767432.35,1149875.06,0.00,13617557.29,267010.93,51
2024-03-08,41,300,10458684.90,795925.35,0.00,9662759.55,235677.06,41
2024-03-09,51,344,12951774.89,1055756.70,0.00,11896018.19,233255.26,51
2024-03-10,49,320,13553117.33,1088595.33,0.00,12464522.00,254378.0,49
2024-03-11,57,387,15835215.17,1221199.86,0.00,14614015.31,256386.23,57
2024-03-12,51,367,14903966.04,1282690.67,0.00,13621275.37,267083.83,51
2024-03-13,47,375,14591463.88,1104368.15,0.00,13487095.73,286959.48,47
2024-03-14,80,624,25141587.41,2107607.59,0.00,23033979.82,287924.75,78
2024-03-15,57,472,16480101.50,1211310.04,0.00,15268791.46,267873.53,57
2024-03-16,47,332,12698637.90,1218761.53,0.00,11479876.37,244252.69,47
2024-03-17,56,496,18716606.97,1503893.41,0.00,17212713.56,307369.89,55
2024-03-18,58,467,16153661.51,1247150.53,0.00,14906510.98,257008.81,57
2024-03-19,52,406,15253748.44,981132.04,0.00,14272616.40,274473.39,52
2024-03-20,58,396,15870041.13,1553803.47,0.00,14316237.66,246831.68,57
2024-03-21,70,536,21658670.32,1811477.81,0.00,19847192.51,283531.32,70
2024-03-22,59,413,16205699.09,1361274.60,0.00,14844424.49,251600.42,58
2024-03-23,56,495,19164141.52,1549933.95,0.00,17614207.57,314539.42,55
2024-03-24,54,364,13878122.97,1142405.72,0.00,12735717.25,235846.62,54
2024-03-25,43,312,12678235.26,1084959.20,0.00,11593276.06,269611.07,43
2024-03-26,53,426,17291497.89,1358573.22,0.00,15932924.67,300621.22,53
2024-03-27,59,405,15664860.39,1052426.05,0.00,14612434.34,247668.38,59
2024-03-28,50,391,14284210.78,1232044.64,0.00,13052166.14,261043.32,50
2024-03-29,53,345,13310672.24,1064189.05,0.00,12246483.19,231065.72,52
2024-03-30,40,364,14732861.01,1408720.40,0.00,13324140.61,333103.52,40
2024-03-31,52,339,13481722.02,1110457.55,0.00,12371264.47,237908.93,52
2024-04-01,39,291,11233030.06,1106543.32,0.00,10126486.74,259653.51,39
2024-04-02,49,389,15033978.97,1314472.95,0.00,13719506.02,279989.92,49
2024-04-03,62,442,15933191.96,1244851.36,0.00,14688340.60,236908.72,62
2024-04-04,37,342,12443707.78,957145.30,0.00,11486562.48,310447.63,37
2024-04-05,60,515,20308627.30,1351707.82,0.00,18956919.48,315948.66,60
2024-04-06,46,320,11619769.75,829176.63,0.00,10790593.12,234578.11,46
2024-04-07,51,328,13094313.13,1047788.51,0.00,12046524.62,236206.37,51
2024-04-08,39,315,12297756.09,1188343.67,0.00,11109412.42,284856.73,39
2024-04-09,51,366,13922401.88,1052360.65,0.00,12870041.23,252353.75,51
2024-04-10,54,366,15193598.46,1119547.23,0.00,14074051.23,260630.58,54
2024-04-11,56,456,17720033.44,1317295.61,0.00,16402737.83,292906.03,56
2024-04-12,51,401,14622154.15,1079368.06,0.00,13542786.09,265544.83,51
2024-04-13,56,391,14603149.24,980543.71,0.00,13622605.53,243260.81,56
2024-04-14,54,431,15529750.71,1224129.42,0.00,14305621.29,264918.91,54
2024-04-15,56,425,15766263.13,1177225.67,0.00,14589037.46,260518.53,55
2024-04-16,63,447,14973079.67,1047514.22,0.00,13925565.45,221040.72,63
2024-04-17,50,387,13892539.49,1018803.73,0.00,12873735.76,257474.72,50
2024-04-18,47,336,12004817.63,1030705.85,0.00,10974111.78,233491.74,47
2024-04-19,66,445,17779673.70,1473231.02,0.00,16306442.68,247067.31,66
2024-04-20,55,395,14527810.26,1073289.61,0.00,13454520.65,244627.65,52
2024-04-21,68,544,21123822.47,1536355.16,0.00,19587467.31,288050.99,68
2024-04-22,42,315,13052817.80,991027.85,0.00,12061789.95,287185.48,41
2024-04-23,44,341,14259021.14,1005104.12,0.00,13253917.02,301225.39,44
2024-04-24,56,423,14795104.99,1159771.03,0.00,13635333.96,243488.11,56
2024-04-25,52,343,13869318.53,1060911.42,0.00,12808407.11,246315.52,52
2024-04-26,49,367,14183997.84,1130989.02,0.00,13053008.82,266387.94,49
2024-04-27,40,310,12423082.55,922140.49,0.00,11500942.06,287523.55,40
2024-04-28,56,440,16613996.90,1449137.96,0.00,15164858.94,270801.05,56
2024-04-29,62,502,19158399.43,1360649.85,0.00,17797749.58,287060.48,62
2024-04-30,50,467,17287293.64,1553681.59,0.00,15733612.05,314672.24,50
2024-05-01,44,305,12447018.13,1068414.68,0.00,11378603.45,258604.62,44
2024-05-02,49,355,13500072.98,1067650.80,0.00,12432422.18,253722.9,49
2024-05-03,66,523,21251444.36,1695412.50,0.00,19556031.86,296303.51,66
2024-05-04,58,477,19133116.44,1276844.55,0.00,17856271.89,307866.76,58
2024-05-05,52,391,15383725.54,972420.83,0.00,14411304.71,277140.48,51
2024-05-06,49,389,13646557.08,862990.71,0.00,12783566.37,260889.11,48
2024-05-07,51,400,14232186.50,1213080.48,0.00,13019106.02,255276.59,51
2024-05-08,58,475,17089159.70,1374964.25,0.00,15714195.45,270934.4,56
2024-05-09,43,321,12325371.53,1140665.31,0.00,11184706.22,260109.45,42
2024-05-10,52,385,14341559.80,1135818.20,0.00,13205741.60,253956.57,52
2024-05-11,69,512,20188511.21,1629687.19,0.00,18558824.02,268968.46,69
2024-05-12,62,434,16630912.61,1299421.61,0.00,15331491.00,247282.11,61
2024-05-13,52,424,15765742.30,1226675.76,0.00,14539066.54,279597.43,52
2024-05-14,63,492,19967190.28,1349073.45,0.00,18618116.83,295525.66,62
2024-05-15,48,369,14434612.65,1014476.50,0.00,13420136.15,279586.17,47
2024-05-16,61,461,17395280.85,1454473.87,0.00,15940806.98,261324.7,61
2024-05-17,60,436,16776320.02,1111032.54,0.00,15665287.48,261088.12,58
2024-05-18,50,408,14051288.89,1081628.33,0.00,12969660.56,259393.21,49
2024-05-19,59,447,17209689.51,1502407.63,0.00,15707281.88,266225.12,59
2024-05-20,56,440,17346771.91,1343934.38,0.00,16002837.53,285764.96,56
2024-05-21,56,409,17017516.84,1513348.79,0.00,15504168.05,276860.14,55
2024-05-22,52,394,14712808.32,1072069.76,0.00,13640738.56,262321.9,52
2024-05-23,52,377,13638196.11,1274406.51,0.00,12363789.60,237765.18,51
2024-05-24,60,428,16903846.25,1388337.20,0.00,15515509.05,258591.82,60
2024-05-25,58,448,15421372.92,1278996.63,0.00,14142376.29,243834.07,58
2024-05-26,43,364,14451310.95,1140369.30,0.00,13310941.65,309556.78,43
2024-05-27,57,445,17429902.86,1392361.96,0.00,16037540.90,281360.37,57
2024-05-28,41,296,11025292.84,757388.52,0.00,10267904.32,250436.69,41
2024-05-29,50,361,13340541.19,1016201.84,0.00,12324339.35,246486.79,49
2024-05-30,42,349,13964739.46,1211311.57,0.00,12753427.89,303653.05,42
2024-05-31,50,432,15648542.03,1298964.23,0.00,14349577.80,286991.56,50
2024-06-01,48,434,16307403.00,1296298.06,0.00,15011104.94,312731.35,48
2024-06-02,43,337,13381822.54,1035751.51,0.00,12346071.03,287117.93,43
2024-06-03,56,423,16543009.79,1678473.07,0.00,14864536.72,265438.16,56
2024-06-04,67,539,20521053.25,1759822.42,0.00,18761230.83,280018.37,67
2024-06-05,59,527,20008918.97,1613159.87,0.00,18395759.10,311792.53,59
2024-06-06,49,341,12227147.69,961436.63,0.00,11265711.06,229912.47,49
2024-06-07,57,427,16393765.33,1245890.30,0.00,15147875.03,265752.19,57
2024-06-08,61,432,16400467.67,1317117.83,0.00,15083349.84,247268.03,60
2024-06-09,65,416,15962172.15,1149065.05,0.00,14813107.10,227893.96,65
2024-06-10,57,459,17151881.65,1322508.18,0.00,15829373.47,277708.31,57
2024-06-11,62,485,17951301.23,1470654.26,0.00,16480646.97,265816.89,62
2024-06-12,55,397,14524671.48,1023298.77,0.00,13501372.71,245479.5,54
2024-06-13,50,405,16574275.54,1428459.01,0.00,15145816.53,302916.33,49
2024-06-14,63,430,17867017.65,1210114.84,0.00,16656902.81,264395.28,63
2024-06-15,56,428,15813648.69,1299363.99,0.00,14514284.70,259183.66,56
2024-06-16,62,482,16226021.80,1212404.70,0.00,15013617.10,242155.11,62
2024-06-17,54,446,17449359.01,1564512.81,0.00,15884846.20,294163.82,52
2024-06-18,62,487,18164242.19,1315411.27,0.00,16848830.92,271755.34,61
2024-06-19,53,420,15310780.51,1299400.75,0.00,14011379.76,264365.66,53
2024-06-20,51,435,16344719.28,1404267.47,0.00,14940451.81,292950.04,51
2024-06-21,57,457,17104901.82,1492346.06,0.00,15612555.76,273904.49,56
2024-06-22,53,414,15436915.49,1124470.87,0.00,14312444.62,270046.12,52
2024-06-23,46,363,14562868.83,1076229.60,0.00,13486639.23,293187.81,46
2024-06-24,47,319,12832638.33,904086.06,0.00,11928552.27,253798.98,46
2024-06-25,66,571,23156471.83,1854336.45,0.00,21302135.38,322759.63,66
2024-06-26,61,464,18921837.44,1460304.08,0.00,17461533.36,286254.65,61
2024-06-27,52,350,14380688.30,1141895.57,0.00,13238792.73,254592.17,52
2024-06-28,62,482,17465856.71,1537543.75,0.00,15928312.96,256908.27,62
2024-06-29,53,405,17085597.57,1073375.36,0.00,16012222.21,302117.4,53
2024-06-30,45,312,12844085.06,956177.94,0.00,11887907.12,264175.71,45
2024-07-01,63,474,18053009.75,1115683.43,0.00,16937326.32,268846.45,63
2024-07-02,55,403,14658576.98,1210062.36,0.00,13448514.62,244518.45,53
2024-07-03,56,419,14946615.90,1233590.20,0.00,13713025.70,244875.46,56
2024-07-04,54,359,13457403.46,1073878.29,0.00,12383525.17,229324.54,54
2024-07-05,44,344,13067429.40,902661.28,0.00,12164768.12,276472.0,44
2024-07-06,56,432,15612593.59,1191329.18,0.00,14421264.41,257522.58,56
2024-07-07,63,444,16347919.26,1597421.76,0.00,14750497.50,234134.88,63
2024-07-08,54,418,15773966.91,1402454.76,0.00,14371512.15,266139.11,54
2024-07-09,50,371,13646829.61,1110239.13,0.00,12536590.48,250731.81,50
2024-07-10,57,403,15926669.35,1339527.25,0.00,14587142.10,255914.77,56
2024-07-11,57,437,17696320.36,1260068.40,0.00,16436251.96,288355.3,57
2024-07-12,44,298,11850378.00,692312.26,0.00,11158065.74,253592.4,44
2024-07-13,60,471,18963008.26,1611061.17,0.00,17351947.09,289199.12,60
2024-07-14,47,328,12944656.14,1057991.80,0.00,11886664.34,252907.75,47
2024-07-15,56,417,15190577.84,1235123.17,0.00,13955454.67,249204.55,56
2024-07-16,52,439,13872288.35,1008729.66,0.00,12863558.69,247376.13,52
2024-07-17,60,448,16213305.62,1191128.22,0.00,15022177.40,250369.62,59
2024-07-18,46,279,10650157.58,997901.14,0.00,9652256.44,209831.66,46
2024-07-19,55,399,15480106.28,1111213.59,0.00,14368892.69,261252.59,55
2024-07-20,70,534,21046402.03,1698950.79,0.00,19347451.24,276392.16,70
2024-07-21,54,439,15887611.97,1476067.91,0.00,14411544.06,266880.45,53
2024-07-22,54,367,14506975.70,1150053.43,0.00,13356922.27,247350.41,53
2024-07-23,55,405,14970996.65,1113224.94,0.00,13857771.71,251959.49,55
2024-07-24,58,421,16365343.05,1406338.97,0.00,14959004.08,257913.86,58
2024-07-25,48,371,13921181.27,1001068.60,0.00,12920112.67,269169.01,46
2024-07-26,63,490,16801465.22,1150517.55,0.00,15650947.67,248427.74,62
2024-07-27,61,503,18943076.40,1632741.92,0.00,17310334.48,283775.98,59
2024-07-28,51,367,14111497.75,1207148.60,0.00,12904349.15,253026.45,51
2024-07-29,54,363,13116424.85,1086291.96,0.00,12030132.89,222780.24,53
2024-07-30,44,307,11962373.14,965911.86,0.00,10996461.28,249919.57,43
2024-07-31,50,372,14636844.67,1118574.01,0.00,13518270.66,270365.41,50
2024-08-01,55,346,12556019.62,809186.24,0.00,11746833.38,213578.79,55
2024-08-02,52,357,12797738.94,979528.62,0.00,11818210.32,227273.28,49
2024-08-03,54,445,16575038.16,1197800.75,0.00,15377237.41,284763.66,53
2024-08-04,59,461,18509104.08,1568266.60,0.00,16940837.48,287132.84,59
2024-08-05,54,413,15663180.12,1291273.02,0.00,14371907.10,266146.43,54
2024-08-06,52,409,15413801.15,1082825.58,0.00,14330975.57,275595.68,52
2024-08-07,46,351,15375473.09,1111247.53,0.00,14264225.56,310091.86,46
2024-08-08,63,433,16685900.48,1187556.75,0.00,15498343.73,246005.46,63
2024-08-09,60,482,19848808.30,1859897.36,0.00,17988910.94,299815.18,58
2024-08-10,48,371,14556778.86,1125876.42,0.00,13430902.44,279810.47,47
2024-08-11,52,345,13079302.77,1076518.72,0.00,12002784.05,230822.77,52
2024-08-12,60,439,17301049.46,1357020.25,0.00,15944029.21,265733.82,60
2024-08-13,58,421,17705680.29,1425236.38,0.00,16280443.91,280697.31,58
2024-08-14,64,497,18974468.69,1441690.32,0.00,17532778.37,273949.66,64
2024-08-15,45,384,15404849.63,1295138.39,0.00,14109711.24,313549.14,45
2024-08-16,69,471,16274245.81,1089394.64,0.00,15184851.17,220070.31,68
2024-08-17,54,371,14964673.35,1291067.84,0.00,13673605.51,253214.92,54
2024-08-18,54,381,13671117.53,1044602.42,0.00,12626515.11,233824.35,54
2024-08-19,44,353,13949263.73,1144242.05,0.00,12805021.68,291023.22,44
2024-08-20,57,477,18510811.22,1158501.71,0.00,17352309.51,304426.48,56
2024-08-21,63,506,19709213.28,1333696.85,0.00,18375516.43,291674.86,63
2024-08-22,52,375,15720529.78,1249210.07,0.00,14471319.71,278294.61,52
2024-08-23,41,300,11143715.97,787519.35,0.00,10356196.62,252590.16,41
2024-08-24,48,294,10998813.40,827039.76,0.00,10171773.64,211911.95,48
2024-08-25,57,396,14709018.13,1170584.10,0.00,13538434.03,237516.39,57
2024-08-26,60,472,18319788.86,1525646.85,0.00,16794142.01,279902.37,58
2024-08-27,57,438,16320038.46,1164586.03,0.00,15155452.43,265885.13,57
2024-08-28,58,429,16271402.45,1096067.91,0.00,15175334.54,261643.7,58
2024-08-29,51,384,13802217.78,1046312.35,0.00,12755905.43,250115.79,51
2024-08-30,63,479,17095316.83,1238600.55,0.00,15856716.28,251693.91,62
2024-08-31,67,503,18587024.49,1655297.61,0.00,16931726.88,252712.34,67
2024-09-01,53,377,16816365.76,1215012.25,0.00,15601353.51,294365.16,52
2024-09-02,58,426,16613576.95,1284354.85,0.00,15329222.10,264296.93,58
2024-09-03,42,356,14063764.48,1021342.47,0.00,13042422.01,310533.86,42
2024-09-04,48,372,14388414.85,907974.13,0.00,13480440.72,280842.52,48
2024-09-05,53,414,15679073.99,1359106.33,0.00,14319967.66,270188.07,53
2024-09-06,54,404,15357632.03,1137457.46,0.00,14220174.57,263336.57,54
2024-09-07,51,363,13602934.08,904899.35,0.00,12698034.73,248981.07,51
2024-09-08,55,406,15928972.04,1386714.16,0.00,14542257.88,264404.69,55
2024-09-09,50,431,15908977.96,1274875.58,0.00,14634102.38,292682.05,50
2024-09-10,53,377,14378346.99,1035433.96,0.00,13342913.03,251753.08,51
2024-09-11,40,300,10332118.73,732471.33,0.00,9599647.40,239991.19,40
2024-09-12,54,437,16305566.08,1116600.73,0.00,15188965.35,281277.14,54
2024-09-13,53,384,14807984.78,841758.83,0.00,13966225.95,263513.7,53
2024-09-14,53,422,16437106.41,1237071.42,0.00,15200034.99,286793.11,53
2024-09-15,46,308,11610117.66,845439.29,0.00,10764678.37,234014.75,46
2024-09-16,46,381,13885887.33,1113238.91,0.00,12772648.42,277666.27,45
2024-09-17,55,449,16182700.74,1222829.01,0.00,14959871.73,271997.67,55
2024-09-18,49,365,14875539.61,989608.54,0.00,13885931.07,283386.35,48
2024-09-19,49,324,12498912.60,864345.08,0.00,11634567.52,237440.15,49
2024-09-20,59,494,18057307.31,1363806.55,0.00,16693500.76,282940.69,59
2024-09-21,48,368,14445293.94,1205690.36,0.00,13239603.58,275825.07,48
2024-09-22,63,476,17996611.96,1444674.20,0.00,16551937.76,262729.17,63
2024-09-23,46,340,13102406.08,1174704.35,0.00,11927701.73,259297.86,46
2024-09-24,57,453,17616947.06,1258401.21,0.00,16358545.85,286992.03,56
2024-09-25,65,482,17668701.45,1490225.93,0.00,16178475.52,248899.62,65
2024-09-26,74,552,20691955.01,1650361.07,0.00,19041593.94,257318.84,74
2024-09-27,50,334,12675727.28,990405.20,0.00,11685322.08,233706.44,50
2024-09-28,61,480,18180838.21,1419460.40,0.00,16761377.81,274776.69,61
2024-09-29,44,323,11821324.65,684042.41,0.00,11137282.24,253120.05,44
2024-09-30,49,376,14943451.38,1240525.72,0.00,13702925.66,279651.54,49
2024-10-01,59,450,17851102.27,1382515.21,0.00,16468587.06,279128.59,58
2024-10-02,51,446,16513865.35,1210709.18,0.00,15303156.17,300061.89,51
2024-10-03,61,456,17396982.42,1394849.08,0.00,16002133.34,262330.05,60
2024-10-04,51,304,12361699.33,904906.37,0.00,11456792.96,224643.0,51
2024-10-05,56,401,14645661.77,1088855.45,0.00,13556806.32,242085.83,56
2024-10-06,51,326,12545142.65,856054.57,0.00,11689088.08,229197.81,51
2024-10-07,47,358,13355965.42,1153040.26,0.00,12202925.16,259636.71,47
2024-10-08,55,438,16716002.14,1530406.56,0.00,15185595.58,276101.74,55
2024-10-09,45,400,15807437.53,1191384.98,0.00,14616052.55,324801.17,45
2024-10-10,67,516,20386000.81,1703490.38,0.00,18682510.43,278843.44,67
2024-10-11,58,496,18481770.36,1521829.46,0.00,16959940.90,292412.77,58
2024-10-12,58,438,15642163.33,1262049.97,0.00,14380113.36,247932.99,58
2024-10-13,49,368,14757279.93,1127507.10,0.00,13629772.83,278158.63,49
2024-10-14,60,439,16915093.21,1411071.59,0.00,15504021.62,258400.36,60
2024-10-15,50,356,14331697.65,953670.04,0.00,13378027.61,267560.55,49
2024-10-16,75,550,21204136.59,1486396.30,0.00,19717740.29,262903.2,75
2024-10-17,52,370,14619660.11,1298081.20,0.00,13321578.91,256184.21,51
2024-10-18,46,367,13672591.29,1226007.65,0.00,12446583.64,270577.91,46
2024-10-19,53,418,16167618.44,1121983.05,0.00,15045635.39,283879.91,53
2024-10-20,45,308,11380600.71,788391.71,0.00,10592209.00,235382.42,45
2024-10-21,56,408,15355420.07,1371833.44,0.00,13983586.63,249706.9,56
2024-10-22,41,340,12928505.23,1049492.73,0.00,11879012.50,289732.01,41
2024-10-23,57,451,17741001.07,1214219.30,0.00,16526781.77,289943.54,57
2024-10-24,42,307,11411902.25,789458.83,0.00,10622443.42,252915.32,41
2024-10-25,67,553,21150546.33,1647482.47,0.00,19503063.86,291090.51,66
2024-10-26,58,444,16424874.44,1233693.36,0.00,15191181.08,261916.92,58
2024-10-27,64,485,18451016.75,1350546.29,0.00,17100470.46,267194.85,64
2024-10-28,57,393,14362450.68,1009293.41,0.00,13353157.27,234265.92,57
2024-10-29,61,463,17341653.30,1239331.27,0.00,16102322.03,263972.49,61
2024-10-30,44,345,13116259.72,981406.75,0.00,12134852.97,275792.11,43
2024-10-31,49,353,13965025.31,964944.30,0.00,13000081.01,265307.78,49
2024-11-01,52,312,12300741.34,856255.23,0.00,11444486.11,220086.27,52
2024-11-02,57,445,17422744.28,1631019.93,0.00,15791724.35,277047.8,57
2024-11-03,52,358,14181878.84,1079841.72,0.00,13102037.12,251962.25,52
2024-11-04,46,297,10974322.66,933963.41,0.00,10040359.25,218268.68,45
2024-11-05,43,354,13696742.15,1159143.71,0.00,12537598.44,291572.06,43
2024-11-06,41,307,11852152.56,937208.27,0.00,10914944.29,266218.15,41
2024-11-07,49,316,13412049.08,1063546.78,0.00,12348502.30,252010.25,49
2024-11-08,50,399,14876571.51,1022879.54,0.00,13853691.97,277073.84,50
2024-11-09,52,388,14850808.72,1099552.03,0.00,13751256.69,264447.24,52
2024-11-10,58,410,16162725.15,1394905.09,0.00,14767820.06,254617.59,58
2024-11-11,68,530,20775924.48,1789795.44,0.00,18986129.04,279207.78,68
2024-11-12,47,353,13742293.25,996716.76,0.00,12745576.49,271182.48,47
2024-11-13,53,364,13559265.57,1195767.75,0.00,12363497.82,233273.54,53
2024-11-14,53,356,14384468.50,1128794.45,0.00,13255674.05,250107.06,52
2024-11-15,48,323,12335974.22,1049215.94,0.00,11286758.28,235140.8,47
2024-11-16,53,390,14991414.52,1198926.90,0.00,13792487.62,260235.62,53
2024-11-17,48,299,11274046.46,1010781.23,0.00,10263265.23,213818.03,48
2024-11-18,45,313,11923272.73,989155.62,0.00,10934117.11,242980.38,45
2024-11-19,56,366,12420179.65,1008965.49,0.00,11411214.16,203771.68,55
2024-11-20,67,505,17382751.72,1368610.91,0.00,16014140.81,239017.03,66
2024-11-21,42,317,12388014.55,947436.36,0.00,11440578.19,272394.72,41
2024-11-22,46,340,12837504.12,976418.82,0.00,11861085.30,257849.68,46
2024-11-23,65,453,18025010.04,1216836.95,0.00,16808173.09,258587.28,65
2024-11-24,62,502,18512174.10,1651604.56,0.00,16860569.54,271944.67,62
2024-11-25,62,538,20487993.01,1714501.98,0.00,18773491.03,302798.24,62
2024-11-26,44,345,13577396.97,938353.31,0.00,12639043.66,287250.99,44
2024-11-27,55,443,17246709.48,1252922.70,0.00,15993786.78,290796.12,54
2024-11-28,46,333,11697729.15,727435.31,0.00,10970293.84,238484.65,46
2024-11-29,65,483,17179803.41,1361432.47,0.00,15818370.94,243359.55,65
2024-11-30,44,308,11858157.83,1157646.42,0.00,10700511.41,243193.44,44
2024-12-01,44,345,13376220.08,1063431.78,0.00,12312788.30,279836.1,43
2024-12-02,59,434,17609182.31,1381092.02,0.00,16228090.29,275052.38,59
2024-12-03,62,472,18003401.83,1490081.92,0.00,16513319.91,266343.87,62
2024-12-04,63,475,15835646.45,1310792.61,0.00,14524853.84,230553.24,63
2024-12-05,54,413,15768911.91,1203154.73,0.00,14565757.18,269736.24,54
2024-12-06,63,445,16739236.60,1549309.23,0.00,15189927.37,241109.96,63
2024-12-07,47,363,14947605.51,1313804.16,0.00,13633801.35,290080.88,46
2024-12-08,50,366,14937211.97,1312401.01,0.00,13624810.96,272496.22,50
2024-12-09,50,378,14914158.10,1238507.92,0.00,13675650.18,273513.0,50
2024-12-10,44,351,12768042.71,1134021.44,0.00,11634021.27,264409.57,44
2024-12-11,59,441,16839874.88,1285055.13,0.00,15554819.75,263641.01,57
2024-12-12,64,499,19177675.73,1349713.37,0.00,17827962.36,278561.91,64
2024-12-13,55,400,15533416.82,1401500.83,0.00,14131915.99,256943.93,55
2024-12-14,46,352,14529485.22,984769.62,0.00,13544715.60,294450.34,46
2024-12-15,52,371,13298503.99,1037741.50,0.00,12260762.49,235783.89,52
2024-12-16,45,366,14408612.96,995875.93,0.00,13412737.03,298060.82,45
2024-12-17,58,396,14694714.67,1279724.86,0.00,13414989.81,231292.93,57
2024-12-18,63,469,17176607.04,1363523.33,0.00,15813083.71,251001.33,62
2024-12-19,51,392,14389762.56,1179735.84,0.00,13210026.72,259020.13,51
2024-12-20,51,413,14893958.72,1079015.85,0.00,13814942.87,270881.23,51
2024-12-21,48,318,12211814.59,1013820.66,0.00,11197993.93,233291.54,48
2024-12-22,49,339,12807111.85,956560.78,0.00,11850551.07,241847.98,49
2024-12-23,44,362,13052736.43,1068465.26,0.00,11984271.17,272369.8,44
2024-12-24,62,468,16971801.54,1277574.63,0.00,15694226.91,253132.69,62
2024-12-25,47,331,13691650.75,955847.06,0.00,12735803.69,270974.55,45
2024-12-26,56,379,14688739.92,1127972.51,0.00,13560767.41,242156.56,56
2024-12-27,61,442,17565629.21,1268840.90,0.00,16296788.31,267160.46,61
2024-12-28,44,350,13118938.59,1051520.59,0.00,12067418.00,274259.5,43
2024-12-29,53,328,12483646.63,975756.75,0.00,11507889.88,217130.0,53
2024-12-30,62,443,17342441.93,1425333.33,0.00,15917108.60,256727.56,62
2024-12-31,60,399,14829150.61,1241226.69,0.00,13587923.92,226465.4,60
2025-01-01,41,319,12034310.84,959701.39,0.00,11074609.45,270112.43,41
2025-01-02,46,333,12803496.59,1029968.57,0.00,11773528.02,255946.26,46
2025-01-03,37,248,10219672.29,823714.65,0.00,9395957.64,253944.8,37
2025-01-04,52,410,15439247.99,1124946.32,0.00,14314301.67,275275.03,51
2025-01-05,51,368,13860987.18,1268235.71,0.00,12592751.47,246916.7,50
2025-01-06,68,494,18099651.75,1432485.84,0.00,16667165.91,245105.38,67
2025-01-07,63,453,16696569.41,1286347.53,0.00,15410221.88,244606.7,63
2025-01-08,40,296,11304694.30,865031.14,0.00,10439663.16,260991.58,40
2025-01-09,49,371,13619413.41,1252014.46,0.00,12367398.95,252395.9,48
2025-01-10,59,461,17817350.88,1342638.18,0.00,16474712.70,279232.42,59
2025-01-11,55,419,16668637.38,1320340.81,0.00,15348296.57,279059.94,54
2025-01-12,49,374,15109995.21,1318715.47,0.00,13791279.74,281454.69,49
2025-01-13,57,372,14441648.08,1234104.52,0.00,13207543.56,231711.29,57
2025-01-14,52,382,15247879.92,988872.95,0.00,14259006.97,274211.67,52
2025-01-15,52,361,13753242.35,1079861.06,0.00,12673381.29,243718.87,52
2025-01-16,63,512,18814231.66,1452322.90,0.00,17361908.76,275585.85,63
2025-01-17,48,395,15765241.44,1380137.15,0.00,14385104.29,299689.67,48
2025-01-18,49,368,14200062.41,974687.51,0.00,13225374.90,269905.61,49
2025-01-19,59,404,14948977.01,1110714.99,0.00,13838262.02,234546.81,59
2025-01-20,49,334,11836950.03,807379.47,0.00,11029570.56,225093.28,49
2025-01-21,43,294,11314767.66,727157.23,0.00,10587610.43,246223.5,43
2025-01-22,54,426,17420748.88,1596354.58,0.00,15824394.30,293044.34,54
2025-01-23,65,486,19316998.22,1581584.85,0.00,17735413.37,272852.51,65
2025-01-24,49,376,14561217.64,1088922.15,0.00,13472295.49,274944.81,49
2025-01-25,66,485,19433627.22,1386913.75,0.00,18046713.47,273435.05,66
2025-01-26,48,359,14420870.34,1097398.47,0.00,13323471.87,277572.33,47
2025-01-27,57,450,18114376.37,1400930.05,0.00,16713446.32,293218.36,57
2025-01-28,48,383,14291461.06,1140071.88,0.00,13151389.18,273987.27,48
2025-01-29,56,440,16675159.83,1246287.07,0.00,15428872.76,275515.59,56
2025-01-30,50,356,12542414.72,972479.37,0.00,11569935.35,231398.71,50
2025-01-31,51,397,16046857.69,1266859.85,0.00,14779997.84,289803.88,50
2025-02-01,67,511,18871986.67,1344223.48,0.00,17527763.19,261608.41,67
2025-02-02,44,300,11281296.72,801393.49,0.00,10479903.23,238179.62,44
2025-02-03,64,486,19327392.82,1668791.11,0.00,17658601.71,275915.65,64
2025-02-04,46,373,14309090.08,1052915.98,0.00,13256174.10,288177.7,46
2025-02-05,54,408,16705942.82,1197321.67,0.00,15508621.15,287196.69,54
2025-02-06,46,380,15238914.76,1349409.38,0.00,13889505.38,301945.77,46
2025-02-07,68,540,20562744.43,1658440.27,0.00,18904304.16,278004.47,68
2025-02-08,48,361,13676126.78,1129882.83,0.00,12546243.95,261380.08,48
2025-02-09,56,431,16372769.78,1203525.79,0.00,15169243.99,270879.36,56
2025-02-10,59,473,18542129.16,1528628.35,0.00,17013500.81,288364.42,58
2025-02-11,58,416,17001181.50,1225926.03,0.00,15775255.47,271987.16,58
2025-02-12,59,417,16125606.20,1502886.26,0.00,14622719.94,247842.71,58
2025-02-13,55,446,17411236.50,1371917.56,0.00,16039318.94,291623.98,54
2025-02-14,42,341,13351101.25,1146949.58,0.00,12204151.67,290575.04,42
2025-02-15,61,425,15637295.84,1418120.97,0.00,14219174.87,233101.23,61
2025-02-16,53,378,14679661.12,1140901.17,0.00,13538759.95,255448.3,53
2025-02-17,56,465,17122979.39,1191524.13,0.00,15931455.26,284490.27,54
2025-02-18,46,361,13489575.70,1120787.97,0.00,12368787.73,268886.69,46
2025-02-19,53,422,17118681.61,1389297.41,0.00,15729384.20,296780.83,53
2025-02-20,48,330,12239995.48,1114746.04,0.00,11125249.44,231776.03,48
2025-02-21,58,378,14095964.54,1126351.98,0.00,12969612.56,223614.01,58
2025-02-22,50,402,14835074.66,1290161.65,0.00,13544913.01,270898.26,49
2025-02-23,61,406,16232682.87,1145944.10,0.00,15086738.77,247323.59,61
2025-02-24,52,366,13918044.50,1119261.12,0.00,12798783.38,246130.45,51
2025-02-25,57,459,17839996.88,1317716.99,0.00,16522279.89,289864.56,57
2025-02-26,67,532,20106065.18,1621567.03,0.00,18484498.15,275888.03,67
2025-02-27,64,429,15543531.30,1137557.52,0.00,14405973.78,225093.34,64
2025-02-28,57,474,19147604.29,1474451.52,0.00,17673152.77,310055.31,56
2025-03-01,56,420,17058707.13,1075619.74,0.00,15983087.39,285412.27,56
2025-03-02,59,425,16372332.46,1367661.29,0.00,15004671.17,254316.46,58
2025-03-03,54,392,15296291.06,1238355.38,0.00,14057935.68,260332.14,54
2025-03-04,49,308,12572475.46,954907.99,0.00,11617567.47,237093.21,49
2025-03-05,54,417,16818748.94,1453457.97,0.00,15365290.97,284542.43,54
2025-03-06,52,366,15649818.05,1033176.81,0.00,14616641.24,281089.25,51
2025-03-07,55,355,13571454.89,1088753.15,0.00,12482701.74,226958.21,54
2025-03-08,60,477,18968042.58,1279041.46,0.00,17689001.12,294816.69,59
2025-03-09,45,290,10715717.15,790390.03,0.00,9925327.12,220562.82,44
2025-03-10,45,396,15478736.66,1059215.78,0.00,14419520.88,320433.8,45
2025-03-11,60,466,17545671.22,1240599.68,0.00,16305071.54,271751.19,60
2025-03-12,59,430,16375301.72,1240862.47,0.00,15134439.25,256515.92,58
2025-03-13,48,353,13313206.55,1014473.21,0.00,12298733.34,256223.61,48
2025-03-14,59,454,15821058.63,1357548.28,0.00,14463510.35,245144.24,58
2025-03-15,59,399,15385641.01,1285604.14,0.00,14100036.87,238983.68,59
2025-03-16,68,534,19661063.55,1459305.29,0.00,18201758.26,267672.92,68
2025-03-17,46,336,13407098.92,999630.11,0.00,12407468.81,269727.58,46
2025-03-18,71,601,22048147.23,1865548.59,0.00,20182598.64,284261.95,71
2025-03-19,57,422,16788098.97,1472141.64,0.00,15315957.33,268701.01,56
2025-03-20,48,290,11549362.87,898882.03,0.00,10650480.84,221885.02,48
2025-03-21,48,378,14954649.56,971677.01,0.00,13982972.55,291311.93,48
2025-03-22,50,399,17182702.68,1390186.60,0.00,15792516.08,315850.32,50
2025-03-23,55,435,15176219.99,1399611.85,0.00,13776608.14,250483.78,55
2025-03-24,55,425,15738773.84,1288739.41,0.00,14450034.43,262727.9,55
2025-03-25,55,423,17229536.74,1418442.70,0.00,15811094.04,287474.44,55
2025-03-26,63,532,21657213.09,1568353.95,0.00,20088859.14,318870.78,63
2025-03-27,50,369,13263994.97,1010192.15,0.00,12253802.82,245076.06,50
2025-03-28,49,298,11750156.09,742995.72,0.00,11007160.37,224635.93,49
2025-03-29,49,395,13978489.97,1120882.18,0.00,12857607.79,262400.16,49
2025-03-30,53,398,15066525.68,1065897.74,0.00,14000627.94,264162.79,53
2025-03-31,51,424,15999447.05,1267115.74,0.00,14732331.31,288869.24,49
2025-04-01,63,477,18948175.87,1643432.02,0.00,17304743.85,274678.47,63
2025-04-02,63,428,17186942.60,1414356.07,0.00,15772586.53,250358.52,63
2025-04-03,52,387,15677313.43,1510959.75,0.00,14166353.68,272429.88,52
2025-04-04,65,569,21922263.38,1915816.26,0.00,20006447.12,307791.49,65
2025-04-05,44,380,15061251.87,1251535.84,0.00,13809716.03,313857.18,44
2025-04-06,57,509,19865795.52,1480891.86,0.00,18384903.66,322542.17,55
2025-04-07,52,387,14449357.24,1332663.00,0.00,13116694.24,252244.12,52
2025-04-08,54,424,15805521.52,1193741.18,0.00,14611780.34,270588.52,53
2025-04-09,54,415,15378127.78,1090382.68,0.00,14287745.10,264587.87,54
2025-04-10,45,372,14657221.32,1217729.22,0.00,13439492.10,298655.38,45
2025-04-11,52,365,14586125.32,1078234.90,0.00,13507890.42,259767.12,52
2025-04-12,63,511,19835581.43,1642654.09,0.00,18192927.34,288776.62,62
2025-04-13,44,333,13990075.22,972027.21,0.00,13018048.01,295864.73,44
2025-04-14,55,453,16725120.55,1297256.28,0.00,15427864.27,280506.62,55
2025-04-15,56,402,13918270.04,1121075.61,0.00,12797194.43,228521.33,56
2025-04-16,52,440,17912281.22,1280795.47,0.00,16631485.75,319836.26,52
2025-04-17,38,268,11322125.56,898351.15,0.00,10423774.41,274309.85,38
2025-04-18,48,361,13422809.71,1113623.69,0.00,12309186.02,256441.38,48
2025-04-19,53,343,13496286.49,1261766.27,0.00,12234520.22,230840.0,53
2025-04-20,59,508,19104395.67,1520595.78,0.00,17583799.89,298030.51,59
2025-04-21,51,395,14635015.43,1102430.79,0.00,13532584.64,265344.8,51
2025-04-22,46,344,11742970.46,714426.96,0.00,11028543.50,239750.95,46
2025-04-23,51,401,15390167.88,1244460.53,0.00,14145707.35,277366.81,51
2025-04-24,50,331,12907767.99,979284.29,0.00,11928483.70,238569.67,50
2025-04-25,51,374,14233671.68,1127972.48,0.00,13105699.20,256974.49,50
2025-04-26,54,424,15851963.87,1235022.34,0.00,14616941.53,270684.1,54
2025-04-27,56,447,17035929.05,1289107.92,0.00,15746821.13,281193.23,55
2025-04-28,46,373,15670580.01,1458215.20,0.00,14212364.81,308964.45,46
2025-04-29,54,419,15446374.16,1391546.14,0.00,14054828.02,260274.59,53
2025-04-30,59,434,16166050.10,1168146.24,0.00,14997903.86,254201.76,58
2025-05-01,54,408,14693878.17,1218532.31,0.00,13475345.86,249543.44,53
2025-05-02,56,439,16642720.28,1295733.51,0.00,15346986.77,274053.34,56
2025-05-03,59,461,16868248.94,1334795.12,0.00,15533453.82,263278.88,59
2025-05-04,42,316,11433583.74,893361.88,0.00,10540221.86,250957.66,42
2025-05-05,51,400,15760337.43,1051989.07,0.00,14708348.36,288398.99,50
2025-05-06,49,321,13374601.98,1052671.78,0.00,12321930.20,251467.96,48
2025-05-07,61,444,17848650.92,1455634.38,0.00,16393016.54,268737.98,61
2025-05-08,37,232,8739134.07,732167.72,0.00,8006966.35,216404.5,37
2025-05-09,55,445,17926997.45,1663607.26,0.00,16263390.19,295698.0,54
2025-05-10,55,439,17121760.04,1272765.73,0.00,15848994.31,288163.53,55
2025-05-11,55,410,16917218.57,1343984.42,0.00,15573234.15,283149.71,55
2025-05-12,59,448,16494307.86,1174798.22,0.00,15319509.64,259652.71,59
2025-05-13,52,412,14527316.31,1214576.13,0.00,13312740.18,256014.23,51
2025-05-14,49,341,13773821.69,1166659.60,0.00,12607162.09,257289.02,49
2025-05-15,50,364,14557468.95,1164392.37,0.00,13393076.58,267861.53,50
2025-05-16,61,470,17848965.37,1192471.57,0.00,16656493.80,273057.28,61
2025-05-17,58,395,15155430.89,1028330.43,0.00,14127100.46,243570.7,57
2025-05-18,56,454,16808744.50,1194571.04,0.00,15614173.46,278824.53,56
2025-05-19,47,322,13056094.83,849526.49,0.00,12206568.34,259714.22,47
2025-05-20,68,534,20178785.09,1631430.62,0.00,18547354.47,272755.21,66
2025-05-21,58,430,16422947.40,1153487.73,0.00,15269459.67,263266.55,58
2025-05-22,47,382,14735482.42,1175082.98,0.00,13560399.44,288519.14,46
2025-05-23,56,389,14120500.21,1101842.11,0.00,13018658.10,232476.04,56
2025-05-24,55,396,15595290.18,1301265.29,0.00,14294024.89,259891.36,55
2025-05-25,51,414,14556817.94,1167979.63,0.00,13388838.31,262526.24,50
2025-05-26,42,309,11998089.92,911752.94,0.00,11086336.98,263960.4,42
2025-05-27,56,469,17481644.35,1461859.33,0.00,16019785.02,286067.59,56
2025-05-28,47,351,13972473.85,1049286.59,0.00,12923187.26,274961.43,47
2025-05-29,46,348,13976205.15,1102918.34,0.00,12873286.81,279854.06,46
2025-05-30,52,397,15003529.09,1329265.63,0.00,13674263.46,262966.61,52
2025-05-31,60,485,17543393.44,1487302.09,0.00,16056091.35,267601.52,60
2025-06-01,58,393,15043217.90,1016094.26,0.00,14027123.64,241846.96,58
2025-06-02,58,400,15784622.95,1203814.73,0.00,14580808.22,251393.25,57
2025-06-03,54,392,15717645.01,1188470.74,0.00,14529174.27,269058.78,54
2025-06-04,56,426,15845002.62,1426043.94,0.00,14418958.68,257481.41,54
2025-06-05,45,369,14585074.99,1124363.39,0.00,13460711.60,299126.92,45
2025-06-06,72,477,18315981.60,1411781.61,0.00,16904199.99,234780.56,71
2025-06-07,50,348,13436331.58,927090.30,0.00,12509241.28,250184.83,50
2025-06-08,53,406,15947085.30,1266354.00,0.00,14680731.30,276994.93,52
2025-06-09,49,338,11772287.18,904066.17,0.00,10868221.01,221800.43,49
2025-06-10,45,320,12855886.61,1011740.75,0.00,11844145.86,263203.24,45
2025-06-11,59,395,14521040.75,1078754.56,0.00,13442286.19,227835.36,59
2025-06-12,51,419,14636960.31,1044616.85,0.00,13592343.46,266516.54,50
2025-06-13,66,535,21053580.09,1546853.77,0.00,19506726.32,295556.46,66
2025-06-14,50,397,15910428.78,1202110.24,0.00,14708318.54,294166.37,50
2025-06-15,55,430,15549759.54,1560255.98,0.00,13989503.56,254354.61,55
2025-06-16,47,398,15488132.71,1084979.17,0.00,14403153.54,306450.08,47
2025-06-17,53,335,13524734.38,1160967.65,0.00,12363766.73,233278.62,53
2025-06-18,48,313,12213379.06,894431.86,0.00,11318947.20,235811.4,48
2025-06-19,50,373,13644959.00,1233821.36,0.00,12411137.64,248222.75,50
2025-06-20,51,404,15725036.24,1187793.09,0.00,14537243.15,285043.98,51
2025-06-21,51,413,14459223.71,1195218.31,0.00,13264005.40,260078.54,51
2025-06-22,65,441,18065509.52,1396170.60,0.00,16669338.92,256451.37,64
2025-06-23,57,442,17290198.44,1371591.13,0.00,15918607.31,279273.81,56
2025-06-24,51,392,15240411.07,1314351.61,0.00,13926059.46,273059.99,51
2025-06-25,39,290,11077772.44,868616.44,0.00,10209156.00,261773.23,39
2025-06-26,53,415,15612207.09,1200562.43,0.00,14411644.66,271917.82,53
2025-06-27,55,390,14555983.62,1192399.38,0.00,13363584.24,242974.26,55
2025-06-28,41,293,11465638.70,816232.51,0.00,10649406.19,259741.61,41
2025-06-29,61,433,16547194.20,1251641.29,0.00,15295552.91,250746.77,61
2025-06-30,43,339,11724785.74,1049417.44,0.00,10675368.30,248264.38,43
2025-07-01,57,375,13992696.66,1070916.86,0.00,12921779.80,226697.89,57
2025-07-02,51,371,14281802.30,1068731.11,0.00,13213071.19,259079.83,51
2025-07-03,49,341,12681002.52,1053187.31,0.00,11627815.21,237302.35,49
2025-07-04,50,380,14726771.12,1347051.20,0.00,13379719.92,267594.4,50
2025-07-05,56,393,13271697.11,940466.58,0.00,12331230.53,220200.55,56
2025-07-06,57,415,17512220.53,1532030.45,0.00,15980190.08,280354.21,57
2025-07-07,51,322,12516714.13,894842.60,0.00,11621871.53,227879.83,49
2025-07-08,59,426,15823003.85,1224483.53,0.00,14598520.32,247432.55,59
2025-07-09,59,467,18759216.00,1329558.67,0.00,17429657.33,295417.92,58
2025-07-10,52,414,15381224.51,1300608.27,0.00,14080616.24,270781.08,51
2025-07-11,50,387,14914986.27,1024526.04,0.00,13890460.23,277809.2,49
2025-07-12,40,335,12199479.71,761799.28,0.00,11437680.43,285942.01,40
2025-07-13,61,453,17200127.25,1533102.74,0.00,15667024.51,256836.47,61
2025-07-14,51,393,14306123.65,1249596.70,0.00,13056526.95,256010.33,51
2025-07-15,55,438,17506886.60,1424313.11,0.00,16082573.49,292410.43,54
2025-07-16,58,431,16640573.55,1345504.39,0.00,15295069.16,263708.09,58
2025-07-17,45,389,15543662.84,1007988.44,0.00,14535674.40,323014.99,45
2025-07-18,43,315,11450888.95,819821.58,0.00,10631067.37,247234.12,43
2025-07-19,57,394,15605852.64,1166978.99,0.00,14438873.65,253313.57,57
2025-07-20,59,494,19544835.66,1242267.84,0.00,18302567.82,310213.01,59
2025-07-21,63,487,19098938.77,1396547.07,0.00,17702391.70,280990.34,63
2025-07-22,48,372,14816174.19,1156870.31,0.00,13659303.88,284568.83,48
2025-07-23,47,346,12182965.87,895537.87,0.00,11287428.00,240158.04,46
2025-07-24,59,370,12983293.22,985940.55,0.00,11997352.67,203344.96,58
2025-07-25,53,345,12919732.89,1018859.66,0.00,11900873.23,224544.78,53
2025-07-26,45,299,11308252.80,887911.67,0.00,10420341.13,231563.14,44
2025-07-27,60,459,17311070.23,1292368.78,0.00,16018701.45,266978.36,60
2025-07-28,48,323,12635488.32,1052818.48,0.00,11582669.84,241305.62,48
2025-07-29,49,338,12238271.31,880963.24,0.00,11357308.07,231781.8,49
2025-07-30,63,462,18053666.49,1393388.04,0.00,16660278.45,264448.86,63
2025-07-31,54,373,14064193.48,1138316.81,0.00,12925876.67,239368.09,53
2025-08-01,45,343,13945251.20,982770.94,0.00,12962480.26,288055.12,44
2025-08-02,45,320,13401788.37,1025460.82,0.00,12376327.55,275029.5,45
2025-08-03,57,433,14418887.71,1176444.54,0.00,13242443.17,232323.56,57
2025-08-04,46,369,14562217.14,1133288.13,0.00,13428929.01,291933.24,45
2025-08-05,50,357,12910459.45,849046.70,0.00,12061412.75,241228.26,50
2025-08-06,58,507,19191759.04,1450698.75,0.00,17741060.29,305880.35,58
2025-08-07,58,436,16746019.08,1025980.83,0.00,15720038.25,271035.14,58
2025-08-08,51,424,16034097.10,1313700.00,0.00,14720397.10,288635.24,51
2025-08-09,62,454,17709256.21,1459831.24,0.00,16249424.97,262087.5,62
2025-08-10,48,341,13312147.71,1013252.38,0.00,12298895.33,256226.99,48
2025-08-11,54,411,15888312.29,1410314.88,0.00,14477997.41,268111.06,54
2025-08-12,54,450,18732929.45,1250273.30,0.00,17482656.15,323752.89,53
2025-08-13,59,392,14885607.65,807340.96,0.00,14078266.69,238614.69,59
2025-08-14,64,482,18357397.13,1406526.48,0.00,16950870.65,264857.35,64
2025-08-15,58,419,16741783.84,1368838.79,0.00,15372945.05,265050.78,58
2025-08-16,54,387,13990196.67,1235520.92,0.00,12754675.75,236197.7,53
2025-08-17,59,470,18554031.54,1342410.06,0.00,17211621.48,291722.4,59
2025-08-18,55,422,16499488.36,1299847.22,0.00,15199641.14,276357.11,55
2025-08-19,47,358,13096482.30,1050156.32,0.00,12046325.98,256304.81,46
2025-08-20,60,471,17614862.82,1492485.67,0.00,16122377.15,268706.29,59
2025-08-21,56,380,15139861.85,889218.48,0.00,14250643.37,254475.77,56
2025-08-22,61,416,15990383.18,1570171.65,0.00,14420211.53,236396.91,60
2025-08-23,56,421,16156527.56,1389754.90,0.00,14766772.66,263692.37,56
2025-08-24,52,333,11971161.10,1026351.51,0.00,10944809.59,210477.11,52
2025-08-25,45,332,11671232.12,1003127.51,0.00,10668104.61,237068.99,45
2025-08-26,61,458,18016056.20,1540499.59,0.00,16475556.61,270091.09,61
2025-08-27,60,405,16536974.12,1380530.75,0.00,15156443.37,252607.39,60
2025-08-28,53,497,21285723.70,1902577.43,0.00,19383146.27,365719.74,53
2025-08-29,63,443,15799732.29,1235119.64,0.00,14564612.65,231184.33,62
2025-08-30,43,322,12004353.09,1024660.10,0.00,10979692.99,255341.7,43
2025-08-31,38,279,11121597.82,1106815.47,0.00,10014782.35,263546.9,38
2025-09-01,52,376,15373394.95,1074185.38,0.00,14299209.57,274984.8,52
2025-09-02,58,436,17174039.92,1518835.10,0.00,15655204.82,269917.32,58
2025-09-03,49,368,13482450.48,1126756.33,0.00,12355694.15,252157.02,48
2025-09-04,50,369,13980740.11,1084805.11,0.00,12895935.00,257918.7,50
2025-09-05,60,425,16342998.78,1298282.19,0.00,15044716.59,250745.28,60
2025-09-06,44,305,12118424.31,689903.90,0.00,11428520.41,259739.1,44
2025-09-07,65,461,16544973.49,1483560.40,0.00,15061413.09,231714.05,65
2025-09-08,66,533,22039019.87,2092463.23,0.00,19946556.64,302220.56,65
2025-09-09,52,375,15423157.23,1302525.01,0.00,14120632.22,271550.62,52
2025-09-10,64,479,17355213.74,1109673.69,0.00,16245540.05,253836.56,64
2025-09-11,57,432,16040247.68,1258451.03,0.00,14781796.65,259329.77,57
2025-09-12,57,426,16505993.82,1074439.27,0.00,15431554.55,270729.03,57
2025-09-13,48,391,15552571.75,1369047.22,0.00,14183524.53,295490.09,48
2025-09-14,37,252,8799632.01,832076.03,0.00,7967555.98,215339.35,36
2025-09-15,47,345,13422786.55,1155569.73,0.00,12267216.82,261004.61,47
2025-09-16,49,356,13639861.40,1080882.26,0.00,12558979.14,256305.7,49
2025-09-17,60,456,17045839.56,1358836.96,0.00,15687002.60,261450.04,59
2025-09-18,51,416,14897918.17,1161923.93,0.00,13735994.24,269333.22,50
2025-09-19,50,343,12048900.63,841195.62,0.00,11207705.01,224154.1,50
2025-09-20,65,524,19997903.02,1543384.37,0.00,18454518.65,283915.67,65
2025-09-21,60,461,18125294.13,1413358.75,0.00,16711935.38,278532.26,60
2025-09-22,48,350,14683509.04,1034367.79,0.00,13649141.25,284357.11,48
2025-09-23,51,404,15644706.11,1393465.93,0.00,14251240.18,279436.08,51
2025-09-24,55,380,13667781.07,1013302.95,0.00,12654478.12,230081.42,53
2025-09-25,62,553,20740247.56,1633653.39,0.00,19106594.17,308170.87,62
2025-09-26,55,455,17989640.20,1359024.76,0.00,16630615.44,302374.83,55
2025-09-27,52,429,15965636.28,1229259.69,0.00,14736376.59,283391.86,52
2025-09-28,53,396,14901217.17,1114736.42,0.00,13786480.75,260122.28,53
2025-09-29,64,515,19979498.51,1635153.36,0.00,18344345.15,286630.39,64
2025-09-30,47,362,13577081.86,1151681.98,0.00,12425399.88,264370.21,47
2025-10-01,63,455,17023190.35,1264818.10,0.00,15758372.25,250132.89,62
2025-10-02,50,386,15385471.86,1334689.32,0.00,14050782.54,281015.65,50
2025-10-03,56,402,15656031.05,1118879.56,0.00,14537151.49,259591.99,56
2025-10-04,49,367,14105798.28,1014349.93,0.00,13091448.35,267172.42,49
2025-10-05,54,381,14206947.85,1257514.29,0.00,12949433.56,239804.33,53
2025-10-06,55,394,14555927.74,1106481.07,0.00,13449446.67,244535.39,55
2025-10-07,61,427,16888525.66,1379885.52,0.00,15508640.14,254240.0,61
2025-10-08,58,407,14415919.76,1277159.35,0.00,13138760.41,226530.35,58
2025-10-09,42,283,10362725.32,887275.67,0.00,9475449.65,225605.94,42
2025-10-10,56,439,18072323.11,1335460.47,0.00,16736862.64,298872.55,56
2025-10-11,64,528,19700649.84,1606923.75,0.00,18093726.09,282714.47,64
2025-10-12,56,372,13202392.94,1102536.94,0.00,12099856.00,216068.86,56
2025-10-13,56,405,14969637.09,1027545.62,0.00,13942091.47,248965.92,56
2025-10-14,56,437,16831784.45,1298340.83,0.00,15533443.62,277382.92,56
2025-10-15,63,486,16811376.78,1241631.97,0.00,15569744.81,247138.81,63
2025-10-16,60,456,16950304.82,1417384.62,0.00,15532920.20,258882.0,59
2025-10-17,53,421,16111926.67,1422816.32,0.00,14689110.35,277153.03,52
2025-10-18,54,408,14898141.97,1119397.28,0.00,13778744.69,255161.94,54
2025-10-19,48,372,14950716.72,1200507.81,0.00,13750208.91,286462.69,48
2025-10-20,49,416,15198075.54,1189068.91,0.00,14009006.63,285898.09,47
2025-10-21,66,543,21986766.39,1691457.44,0.00,20295308.95,307504.68,66
2025-10-22,47,356,13261637.65,1253994.86,0.00,12007642.79,255481.76,47
2025-10-23,57,468,17562667.36,1365724.82,0.00,16196942.54,284156.89,57
2025-10-24,58,426,16638022.51,1352400.05,0.00,15285622.46,263545.21,58
2025-10-25,40,285,9909848.63,968426.70,0.00,8941421.93,223535.55,40
2025-10-26,55,423,14006396.65,1335432.85,0.00,12670963.80,230381.16,55
2025-10-27,45,357,13012758.30,890981.32,0.00,12121776.98,269372.82,45
2025-10-28,51,365,14958495.89,1066340.82,0.00,13892155.07,272395.2,49
2025-10-29,46,318,12359718.90,966233.59,0.00,11393485.31,247684.46,46
2025-10-30,43,298,12080541.60,1027684.57,0.00,11052857.03,257043.19,43
2025-10-31,60,427,16784359.25,1441388.28,0.00,15342970.97,255716.18,60
2025-11-01,48,380,15063717.39,1179864.48,0.00,13883852.91,289246.94,47
2025-11-02,58,461,16684509.41,1272022.32,0.00,15412487.09,265732.54,58
2025-11-03,50,352,14129990.25,1212555.70,0.00,12917434.55,258348.69,50
2025-11-04,66,499,18030817.53,1465159.54,0.00,16565657.99,250994.82,66
2025-11-05,51,365,15027602.41,1247005.63,0.00,13780596.78,270207.78,51
2025-11-06,54,414,15741915.43,1252623.15,0.00,14489292.28,268320.23,53
2025-11-07,54,427,14928851.15,1048086.36,0.00,13880764.79,257051.2,54
2025-11-08,44,342,12921429.39,912779.66,0.00,12008649.73,272923.86,44
2025-11-09,48,314,11495357.79,790984.96,0.00,10704372.83,223007.77,48
2025-11-10,43,311,11478286.29,806938.07,0.00,10671348.22,248170.89,43
2025-11-11,54,391,15623744.61,1258678.65,0.00,14365065.96,266019.74,54
2025-11-12,56,467,18001884.72,1280205.44,0.00,16721679.28,298601.42,56
2025-11-13,61,484,18667175.68,1590127.09,0.00,17077048.59,279951.62,60
2025-11-14,47,349,13789039.95,972880.23,0.00,12816159.72,272684.25,46
2025-11-15,43,336,12388621.81,1175852.08,0.00,11212769.73,260762.09,43
2025-11-16,57,406,15439518.24,1095531.92,0.00,14343986.32,251648.88,57
2025-11-17,53,369,13584215.76,1025634.15,0.00,12558581.61,236954.37,53
2025-11-18,52,325,11269506.96,713274.95,0.00,10556232.01,203004.46,51
2025-11-19,53,431,17172932.25,1239816.29,0.00,15933115.96,300624.83,52
2025-11-20,59,406,15817206.36,1209947.53,0.00,14607258.83,247580.66,58
2025-11-21,49,332,14056702.85,787192.88,0.00,13269509.97,270806.33,49
2025-11-22,39,296,10129513.35,781705.90,0.00,9347807.45,239687.37,39
2025-11-23,53,360,14558681.39,1155635.07,0.00,13403046.32,252887.67,53
2025-11-24,50,425,16363209.80,1241633.52,0.00,15121576.28,302431.53,50
2025-11-25,55,405,15986052.50,1268814.49,0.00,14717238.01,267586.15,54
2025-11-26,67,497,18434424.71,1488948.91,0.00,16945475.80,252917.55,66
2025-11-27,55,425,17224305.74,1340056.04,0.00,15884249.70,288804.54,55
2025-11-28,55,439,14957437.26,1159648.20,0.00,13797789.06,250868.89,53
2025-11-29,61,501,20509254.23,1393786.00,0.00,19115468.23,313368.33,61
2025-11-30,50,367,13699757.44,897589.00,0.00,12802168.44,256043.37,50
2025-12-01,45,273,9092458.27,789477.47,0.00,8302980.80,184510.68,44
2025-12-02,52,433,17018329.99,1436036.45,0.00,15582293.54,299659.49,51
2025-12-03,61,446,17596151.33,1552978.75,0.00,16043172.58,263002.83,61
2025-12-04,50,362,15617878.69,1118630.94,0.00,14499247.75,289984.96,48
2025-12-05,44,311,12366873.14,893864.36,0.00,11473008.78,260750.2,44
2025-12-06,51,361,13870289.08,902980.54,0.00,12967308.54,254260.95,51
2025-12-07,56,416,14512172.90,1069592.94,0.00,13442579.96,240046.07,55
2025-12-08,45,340,12213747.29,987779.07,0.00,11225968.22,249465.96,45
2025-12-09,66,514,20187573.24,1480355.78,0.00,18707217.46,283442.69,65
2025-12-10,58,443,17254876.31,1316889.22,0.00,15937987.09,274792.88,58
2025-12-11,50,401,14725722.70,1127943.67,0.00,13597779.03,271955.58,50
2025-12-12,54,435,16078443.96,1360308.42,0.00,14718135.54,272558.07,54
2025-12-13,60,486,18212798.72,1341002.27,0.00,16871796.45,281196.61,60
2025-12-14,45,304,11888536.76,798706.37,0.00,11089830.39,246440.68,45
2025-12-15,55,444,17262608.32,1177538.69,0.00,16085069.63,292455.81,55
2025-12-16,50,392,12769522.44,965434.00,0.00,11804088.44,236081.77,50
2025-12-17,56,388,14048520.63,982321.45,0.00,13066199.18,233324.99,54
2025-12-18,49,367,14373068.69,1149712.17,0.00,13223356.52,269864.42,49
2025-12-19,46,336,12706673.61,1149021.10,0.00,11557652.51,251253.32,46
2025-12-20,54,394,15293480.85,986414.37,0.00,14307066.48,264945.68,54
2025-12-21,59,411,15243503.72,1125205.42,0.00,14118298.30,239293.19,58
2025-12-22,52,371,13545022.13,1162560.94,0.00,12382461.19,238124.25,52
2025-12-23,45,314,12800138.19,1016694.14,0.00,11783444.05,261854.31,45
2025-12-24,38,267,10503124.78,876075.21,0.00,9627049.57,253343.41,38
2025-12-25,48,403,15306075.73,1028507.58,0.00,14277568.15,297449.34,48
2025-12-26,60,394,15328278.57,1439960.54,0.00,13888318.03,231471.97,59
2025-12-27,53,426,17228095.07,1281980.89,0.00,15946114.18,300870.08,53
2025-12-28,52,367,14699313.14,1040183.85,0.00,13659129.29,262675.56,52
2025-12-29,56,417,15238389.83,1015183.76,0.00,14223206.07,253985.82,55
2025-12-30,52,363,14643001.26,999765.33,0.00,13643235.93,262369.92,51
2025-12-31,71,574,22129885.19,1845625.53,0.00,20284259.66,285693.8,71
2026-01-01,57,434,16018147.64,1212900.19,0.00,14805247.45,259741.18,57
2026-01-02,53,369,13771729.95,1182551.37,0.00,12589178.58,237531.67,53
2026-01-03,64,440,17704653.84,1376400.06,0.00,16328253.78,255128.97,64
2026-01-04,53,376,14876012.31,1077286.66,0.00,13798725.65,260353.31,53
2026-01-05,58,458,17903501.00,1330455.53,0.00,16573045.47,285742.16,57
2026-01-06,63,491,18802374.36,1617205.92,0.00,17185168.44,272780.45,62
2026-01-07,50,434,15799584.82,1267804.34,0.00,14531780.48,290635.61,50
2026-01-08,41,289,10711302.25,760392.08,0.00,9950910.17,242705.13,41
2026-01-09,49,369,13084452.07,910907.28,0.00,12173544.79,248439.69,49
2026-01-10,54,431,16642115.04,1489485.68,0.00,15152629.36,280604.25,54
2026-01-11,55,384,15181394.01,1288804.22,0.00,13892589.79,252592.54,55
2026-01-12,49,342,12740508.35,857521.95,0.00,11882986.40,242509.93,49
2026-01-13,56,456,17197857.13,1307938.54,0.00,15889918.59,283748.55,56
2026-01-14,55,412,14893272.43,1091947.92,0.00,13801324.51,250933.17,55
2026-01-15,65,425,16795842.18,1415423.30,0.00,15380418.88,236621.83,64
2026-01-16,60,510,18968883.76,1545597.28,0.00,17423286.48,290388.11,60
2026-01-17,50,368,13278870.62,1099459.70,0.00,12179410.92,243588.22,50
2026-01-18,70,549,20691136.88,1587214.09,0.00,19103922.79,272913.18,70
2026-01-19,56,456,17767690.81,1532756.38,0.00,16234934.43,289909.54,56
2026-01-20,57,471,17401373.47,1402615.97,0.00,15998757.50,280679.96,57
2026-01-21,63,492,19997429.49,1554317.06,0.00,18443112.43,292747.82,62
2026-01-22,60,442,16159931.41,1358279.62,0.00,14801651.79,246694.2,60
2026-01-23,57,405,15537094.81,1185887.57,0.00,14351207.24,251775.57,57
2026-01-24,49,353,13889277.10,1015477.07,0.00,12873800.03,262730.61,48
2026-01-25,55,396,14500222.14,1184268.40,0.00,13315953.74,242108.25,55
2026-01-26,55,436,17478334.06,1500241.53,0.00,15978092.53,290510.77,55
2026-01-27,48,409,15439462.25,1225020.48,0.00,14214441.77,296134.2,48
2026-01-28,54,431,15895893.07,1208726.31,0.00,14687166.76,271984.57,54
2026-01-29,45,326,11482843.28,734695.32,0.00,10748147.96,238847.73,45
2026-01-30,54,480,18600142.56,1210051.66,0.00,17390090.90,322038.72,53
2026-01-31,58,458,17032537.74,1169133.96,0.00,15863403.78,273506.96,58
2026-02-01,63,493,19375522.11,1422762.47,0.00,17952759.64,284964.44,62
2026-02-02,60,438,17035475.58,1429671.17,0.00,15605804.41,260096.74,60
2026-02-03,56,455,17311531.49,1193328.94,0.00,16118202.55,287825.05,56
2026-02-04,52,397,16608457.25,1168289.58,0.00,15440167.67,296926.3,52
2026-02-05,47,322,11587118.49,1010666.61,0.00,10576451.88,225030.89,47
2026-02-06,59,456,18546196.24,1403399.50,0.00,17142796.74,290555.88,58
2026-02-07,49,336,12885614.83,902173.31,0.00,11983441.52,244560.03,49
2026-02-08,58,474,17144924.86,1404974.19,0.00,15739950.67,271378.46,58
2026-02-09,48,349,13704419.67,1151283.59,0.00,12553136.08,261523.67,48
2026-02-10,69,495,18792779.74,1436621.89,0.00,17356157.85,251538.52,69
2026-02-11,44,352,12664774.48,1021248.61,0.00,11643525.87,264625.59,43
2026-02-12,64,511,19160674.19,1238578.15,0.00,17922096.04,280032.75,64
2026-02-13,45,355,12141713.68,1128076.22,0.00,11013637.46,244747.5,45
2026-02-14,43,352,13669594.57,1076048.12,0.00,12593546.45,292873.17,43
2026-02-15,51,372,13767303.23,1085537.35,0.00,12681765.88,248662.08,51
2026-02-16,54,456,17395409.10,1474038.24,0.00,15921370.86,294840.2,54
2026-02-17,51,389,15736012.69,1284126.31,0.00,14451886.38,283370.32,50
2026-02-18,58,424,15892936.96,1269223.77,0.00,14623713.19,252132.99,58
2026-02-19,68,567,22246546.47,1671481.41,0.00,20575065.06,302574.49,67
2026-02-20,57,358,12370274.40,848093.78,0.00,11522180.62,202143.52,56
2026-02-21,53,382,13964633.84,1079027.90,0.00,12885605.94,243124.64,53
2026-02-22,57,411,15887919.56,1045054.35,0.00,14842865.21,260401.14,57
2026-02-23,52,383,15137543.97,1153273.93,0.00,13984270.04,268928.27,52
2026-02-24,40,288,10773325.62,685165.11,0.00,10088160.51,252204.01,40
2026-02-25,64,486,18879667.82,1668468.96,0.00,17211198.86,268924.98,63
2026-02-26,50,329,13313627.93,979096.50,0.00,12334531.43,246690.63,50
2026-02-27,52,413,16255673.41,1109624.27,0.00,15146049.14,291270.18,52
2026-02-28,53,395,14991276.48,1062920.74,0.00,13928355.74,262799.16,53
2026-03-01,54,415,15035120.31,1204752.61,0.00,13830367.70,256117.92,54
2026-03-02,51,439,17113842.20,1403839.95,0.00,15710002.25,308039.26,51
2026-03-03,59,443,16765285.60,1296552.12,0.00,15468733.48,262181.92,58
2026-03-04,54,397,15922621.76,1123683.62,0.00,14798938.14,274054.41,54
2026-03-05,56,466,17581340.78,1456988.46,0.00,16124352.32,287934.86,56
2026-03-06,55,453,16445093.76,1286184.77,0.00,15158908.99,275616.53,54
2026-03-07,70,477,17561080.37,1238244.09,0.00,16322836.28,233183.38,70
2026-03-08,51,388,15577428.00,1154650.66,0.00,14422777.34,282799.56,51
2026-03-09,57,371,13789058.96,1052689.03,0.00,12736369.93,223445.09,57
2026-03-10,48,263,10452738.61,763609.04,0.00,9689129.57,201856.87,48
2026-03-11,52,394,13682650.22,883706.10,0.00,12798944.12,246133.54,52
2026-03-12,53,373,14117947.44,1087795.47,0.00,13030151.97,245851.92,53
2026-03-13,54,401,16095232.23,1371528.83,0.00,14723703.40,272661.17,54
2026-03-14,47,292,9950118.96,748055.78,0.00,9202063.18,195788.58,47
2026-03-15,58,422,16385836.11,1138899.56,0.00,15246936.55,262878.22,58
2026-03-16,43,309,11602890.13,1034673.82,0.00,10568216.31,245772.47,43
2026-03-17,36,302,11447043.93,902984.28,0.00,10544059.65,292890.55,36
2026-03-18,53,403,15267191.02,1173601.27,0.00,14093589.75,265916.79,53
2026-03-19,70,518,19680687.42,1640272.85,0.00,18040414.57,257720.21,70
2026-03-20,56,421,15780698.02,1391453.11,0.00,14389244.91,256950.8,56
2026-03-21,42,319,12261380.45,1052690.24,0.00,11208690.21,266873.58,42
2026-03-22,58,406,15257402.87,1118462.01,0.00,14138940.86,243774.84,57
2026-03-23,61,409,16170368.42,1178528.76,0.00,14991839.66,245767.86,61
2026-03-24,56,425,17844767.02,1113912.39,0.00,16730854.63,298765.26,56
2026-03-25,54,353,13764743.68,1110858.15,0.00,12653885.53,234331.21,53
2026-03-26,54,463,17474886.76,1414919.30,0.00,16059967.46,297406.8,53
2026-03-27,58,478,18914280.01,1335931.00,0.00,17578349.01,303074.98,58
2026-03-28,53,386,14697262.21,1219136.87,0.00,13478125.34,254304.25,52
2026-03-29,54,354,13399281.03,1071765.22,0.00,12327515.81,228287.33,53
2026-03-30,48,352,13143625.89,963943.15,0.00,12179682.74,253743.39,48
2026-03-31,43,358,13839193.70,1004088.46,0.00,12835105.24,298490.82,42
2026-04-01,65,525,20096600.11,1434487.59,0.00,18662112.52,287109.42,65
2026-04-02,54,400,15137733.48,1050783.21,0.00,14086950.27,260869.45,54
2026-04-03,47,351,12756845.52,1189423.71,0.00,11567421.81,246115.36,47
2026-04-04,58,423,17012046.36,1262898.06,0.00,15749148.30,271537.04,58
2026-04-05,47,338,11689565.32,923402.77,0.00,10766162.55,229067.29,47
2026-04-06,50,376,13956183.00,1167568.40,0.00,12788614.60,255772.29,49
2026-04-07,49,329,12801113.94,977240.04,0.00,11823873.90,241303.55,49
2026-04-08,50,364,13088449.68,1206352.90,0.00,11882096.78,237641.94,50
2026-04-09,63,530,19754873.02,1448354.11,0.00,18306518.91,290579.67,62
2026-04-10,52,405,14747041.44,1011711.19,0.00,13735330.25,264140.97,52
2026-04-11,51,379,14128423.57,996613.44,0.00,13131810.13,257486.47,51
2026-04-12,62,477,19156725.17,1472295.35,0.00,17684429.82,285232.74,62
2026-04-13,51,356,12821868.99,911194.64,0.00,11910674.35,233542.63,51
2026-04-14,53,436,18584620.20,1398906.11,0.00,17185714.09,324258.76,53
2026-04-15,43,323,11930889.22,932349.21,0.00,10998540.01,255780.0,43
2026-04-16,52,381,13867279.35,978794.08,0.00,12888485.27,247855.49,51
2026-04-17,50,400,15312228.30,997558.92,0.00,14314669.38,286293.39,50
2026-04-18,62,463,19448071.16,1509079.84,0.00,17938991.32,289338.57,62
2026-04-19,60,417,14965707.51,1051344.66,0.00,13914362.85,231906.05,59
2026-04-20,63,499,19131339.62,1321847.25,0.00,17809492.37,282690.36,63
2026-04-21,72,553,21908366.07,1693056.52,0.00,20215309.55,280768.19,69
2026-04-22,40,304,11919996.70,891494.31,0.00,11028502.39,275712.56,40
2026-04-23,49,374,14368296.92,1004538.97,0.00,13363757.95,272729.75,48
2026-04-24,49,342,12950532.90,989084.60,0.00,11961448.30,244111.19,49
2026-04-25,55,416,15922719.34,1488474.66,0.00,14434244.68,262440.81,55
2026-04-26,45,342,12237734.43,927344.40,0.00,11310390.03,251342.0,45
2026-04-27,59,470,19195909.67,1568488.83,0.00,17627420.84,298769.84,59
2026-04-28,61,494,18834497.81,1328373.86,0.00,17506123.95,286985.64,60
2026-04-29,40,255,8763260.83,786090.75,0.00,7977170.08,199429.25,40
2026-04-30,50,387,14615242.38,1094656.76,0.00,13520585.62,270411.71,50
2026-05-01,58,446,16044354.80,1270486.61,0.00,14773868.19,254721.87,58
2026-05-02,43,318,12579752.17,1064756.99,0.00,11514995.18,267790.59,43
2026-05-03,54,395,15583426.86,1425165.12,0.00,14158261.74,262190.03,54
2026-05-04,53,387,15158845.60,1226258.64,0.00,13932586.96,262879.0,53
2026-05-05,54,440,16870450.01,1209610.88,0.00,15660839.13,290015.54,54
2026-05-06,50,390,14171846.59,1078774.80,0.00,13093071.79,261861.44,50
2026-05-07,54,425,15067027.23,1182043.29,0.00,13884983.94,257129.33,52
2026-05-08,49,385,15801704.39,1346390.02,0.00,14455314.37,295006.42,49
2026-05-09,52,390,15470199.94,1190987.53,0.00,14279212.41,274600.24,52
2026-05-10,54,407,15939994.37,1089344.27,0.00,14850650.10,275012.04,54
2026-05-11,60,448,17430641.66,1355826.37,0.00,16074815.29,267913.59,60
2026-05-12,53,373,13017530.41,1016063.91,0.00,12001466.50,226442.76,53
2026-05-13,54,447,17047417.99,1457045.25,0.00,15590372.74,288710.61,54
2026-05-14,63,407,16100080.71,1152888.17,0.00,14947192.54,237257.02,62
2026-05-15,45,306,11839117.81,865384.04,0.00,10973733.77,243860.75,45
2026-05-16,56,446,16706806.23,1309189.35,0.00,15397616.88,274957.44,55
2026-05-17,53,399,14793699.09,986728.74,0.00,13806970.35,260508.87,52
2026-05-18,43,336,12239786.25,972790.28,0.00,11266995.97,262023.16,43
2026-05-19,47,382,15475004.94,1106528.55,0.00,14368476.39,305712.26,47
2026-05-20,58,439,17328599.97,1413725.33,0.00,15914874.64,274394.39,58
2026-05-21,46,360,14037569.16,1126060.37,0.00,12911508.79,280684.97,46
2026-05-22,50,411,15072597.20,1141024.24,0.00,13931572.96,278631.46,50
2026-05-23,45,311,12587344.95,789187.36,0.00,11798157.59,262181.28,45
2026-05-24,57,403,15575886.67,1406815.14,0.00,14169071.53,248580.2,57
2026-05-25,53,385,15154316.69,1082026.90,0.00,14072289.79,265514.9,53
2026-05-26,49,289,10523462.87,853248.80,0.00,9670214.07,197351.31,49
2026-05-27,49,379,15075584.64,1062945.63,0.00,14012639.01,285972.22,49
2026-05-28,54,435,16369641.78,1138506.15,0.00,15231135.63,282058.07,54
2026-05-29,64,459,17672172.14,1429665.19,0.00,16242506.95,253789.17,63
2026-05-30,40,321,13832357.06,866298.76,0.00,12966058.30,324151.46,40
2026-05-31,59,416,16187606.94,1273244.91,0.00,14914362.03,252785.8,59
2026-06-01,52,372,15164629.73,1306675.07,0.00,13857954.66,266499.13,52
2026-06-02,49,331,12385889.87,977346.65,0.00,11408543.22,232827.41,48
2026-06-03,56,418,16133067.62,1228318.13,0.00,14904749.49,266156.24,55
2026-06-04,56,426,15955472.14,1247354.86,0.00,14708117.28,262644.95,56
2026-06-05,68,456,18520638.02,1273113.73,0.00,17247524.29,253640.06,68
2026-06-06,68,522,21090401.74,1575709.55,0.00,19514692.19,286980.77,68
2026-06-07,42,289,11454656.66,884238.57,0.00,10570418.09,251676.62,41
2026-06-08,59,410,15328489.55,1163109.49,0.00,14165380.06,240091.19,59
2026-06-09,57,410,16665728.19,1421525.28,0.00,15244202.91,267442.16,57
2026-06-10,55,417,16941128.64,1376150.71,0.00,15564977.93,282999.6,55
2026-06-11,54,395,15577182.52,1180541.13,0.00,14396641.39,266604.47,54
2026-06-12,56,456,16957255.02,1002519.64,0.00,15954735.38,284905.99,56
2026-06-13,57,405,15536407.50,979847.24,0.00,14556560.26,255378.25,57
2026-06-14,66,513,19295710.04,1540617.83,0.00,17755092.21,269016.55,66
2026-06-15,46,331,12621611.66,1090495.94,0.00,11531115.72,250676.43,46
2026-06-16,51,394,15118593.06,1227130.50,0.00,13891462.56,272381.62,51
2026-06-17,66,485,19102093.81,1549197.88,0.00,17552895.93,265952.97,66
2026-06-18,60,392,15219417.93,1052689.43,0.00,14166728.50,236112.14,60
2026-06-19,54,419,16628728.67,1360299.55,0.00,15268429.12,282748.69,53
2026-06-20,67,455,16226036.86,1401780.67,0.00,14824256.19,221257.56,67
2026-06-21,49,374,14417011.05,1131971.34,0.00,13285039.71,271123.26,49
2026-06-22,63,448,17868585.23,1455415.39,0.00,16413169.84,260526.51,63
2026-06-23,51,393,14722719.95,976347.73,0.00,13746372.22,269536.71,51
2026-06-24,45,340,14067302.80,1047115.99,0.00,13020186.81,289337.48,45
2026-06-25,57,450,16850536.53,1376761.77,0.00,15473774.76,271469.73,57
2026-06-26,55,433,17214686.99,1286442.69,0.00,15928244.30,289604.44,55
2026-06-27,58,449,17089822.55,1408519.22,0.00,15681303.33,270367.3,58
2026-06-28,47,341,13420687.66,1073862.55,0.00,12346825.11,262698.41,47
2026-06-29,55,428,15398547.56,1216440.78,0.00,14182106.78,257856.49,54
2026-06-30,42,343,12764646.08,865138.77,0.00,11899507.31,283321.6,42
2026-07-01,57,464,17094735.95,1192703.34,0.00,15902032.61,278983.03,57
2026-07-02,39,287,11054893.51,820808.58,0.00,10234084.93,262412.43,38
2026-07-03,50,387,15071357.58,1099121.66,0.00,13972235.92,279444.72,50
2026-07-04,70,502,19290350.03,1714099.06,0.00,17576250.97,251089.3,70
2026-07-05,57,382,14342737.27,1093250.84,0.00,13249486.43,232447.13,57
2026-07-06,50,349,13825501.39,1054131.86,0.00,12771369.53,255427.39,50
2026-07-07,59,365,13432804.41,1109164.08,0.00,12323640.33,208875.26,59
2026-07-08,53,368,13467833.05,1132769.25,0.00,12335063.80,232737.05,53
2026-07-09,43,302,10029327.60,749436.58,0.00,9279891.02,215811.42,43
2026-07-10,61,441,17068957.11,1383681.33,0.00,15685275.78,257135.67,60
2026-07-11,57,380,15042331.17,1144369.78,0.00,13897961.39,243823.88,56
2026-07-12,63,522,20483233.53,1691575.95,0.00,18791657.58,298280.28,63
2026-07-13,52,412,15494563.34,1278200.26,0.00,14216363.08,273391.6,52
2026-07-14,60,477,17713396.24,1408533.13,0.00,16304863.11,271747.72,60
2026-07-15,51,379,13025537.51,1042300.91,0.00,11983236.60,234965.42,51
2026-07-16,64,465,16757515.81,1149092.89,0.00,15608422.92,243881.61,63
2026-07-17,42,293,10380624.56,912526.80,0.00,9468097.76,225430.9,42
2026-07-18,56,429,15941325.79,1252121.22,0.00,14689204.57,262307.22,56
2026-07-19,48,358,14471151.61,1190919.41,0.00,13280232.20,276671.5,48
2026-07-21,593,4230,159079154.66,15417881.06,0.00,143661273.60,242261.84,560
