product_id,product_name,category,total_quantity_sold,total_orders,gross_revenue,net_revenue,average_selling_price
PROD00508,L'oreal Beauty Item 508,Beauty,452,175,33261988.44,30859324.97,68272.84
PROD00992,Nivea Beauty Item 992,Beauty,451,167,33268064.61,30741609.61,68163.21
PROD00570,Yonex Sports Item 570,Sports,446,181,33440196.92,30714745.99,68867.14
PROD00283,Harpercollins Books Item 283,Books,459,187,32550994.80,30189452.04,65772.23
PROD00661,Mamaearth Beauty Item 661,Beauty,430,170,31399077.30,29635617.43,68920.04
PROD00295,Noise Electronics Item 295,Electronics,456,185,31726364.16,29343408.06,64349.58
PROD00257,Pearson Books Item 257,Books,445,169,31774980.25,29254403.02,65740.23
PROD00321,Harpercollins Books Item 321,Books,426,163,31288822.44,29122108.22,68361.76
PROD00755,Maybelline Beauty Item 755,Beauty,425,164,31463897.50,28887559.39,67970.73
PROD00187,Levi's Fashion Item 187,Fashion,463,181,30989150.23,28763687.63,62124.6
PROD00346,Lakme Beauty Item 346,Beauty,419,169,30493709.65,28488693.57,67992.11
PROD00764,Adidas Fashion Item 764,Fashion,440,178,29777466.40,27452793.61,62392.71
PROD00834,L'oreal Beauty Item 834,Beauty,401,159,29581553.46,27361092.64,68232.15
PROD00445,Allen Solly Fashion Item 445,Fashion,410,166,29447163.50,27342768.55,66689.68
PROD00637,Mamaearth Beauty Item 637,Beauty,418,170,29768555.52,27336507.30,65398.34
PROD00709,Harpercollins Books Item 709,Books,407,150,29908667.69,27325646.46,67139.18
PROD00791,Nivia Sports Item 791,Sports,406,157,29845798.92,27133212.81,66830.57
PROD00671,Maybelline Beauty Item 671,Beauty,402,153,28924780.38,26949692.62,67039.04
PROD00188,Prestige Home Item 188,Home,416,157,29092693.76,26777866.42,64369.87
PROD00835,Philips Electronics Item 835,Electronics,436,158,29142008.92,26739130.10,61328.28
PROD00062,Oxford Books Item 62,Books,416,166,28778160.32,26671682.05,64114.62
PROD00035,Nivia Sports Item 35,Sports,409,156,28330783.78,26644097.83,65144.49
PROD00874,Lego Toys Item 874,Toys,392,158,28729625.12,26519935.77,67652.9
PROD00261,Lego Toys Item 261,Toys,383,154,28533094.02,26491823.07,69169.25
PROD00538,Prestige Home Item 538,Home,395,157,28435315.30,26437644.44,66930.75
PROD00071,Boat Electronics Item 71,Electronics,389,156,28623047.90,26426651.92,67934.84
PROD00075,Penguin Books Item 75,Books,407,160,28429100.59,26295171.74,64607.3
PROD00394,Levi's Fashion Item 394,Fashion,411,164,28591338.30,26184378.76,63708.95
PROD00730,Nivea Beauty Item 730,Beauty,410,167,28557574.20,26137145.70,63749.14
PROD00706,Lakme Beauty Item 706,Beauty,391,149,28472444.05,26105808.60,66766.77
PROD00153,Bajaj Home Item 153,Home,382,163,28170689.32,26006265.88,68079.23
PROD00580,Milton Home Item 580,Home,415,167,28295808.05,25977597.32,62596.62
PROD00809,Ikea Furniture Item 809,Furniture,402,151,28256756.88,25968803.09,64599.01
PROD00658,Noise Electronics Item 658,Electronics,401,156,28451607.64,25939919.66,64688.08
PROD00266,Nivia Sports Item 266,Sports,451,168,27770104.01,25889002.72,57403.55
PROD00425,Pigeon Home Item 425,Home,437,173,28161739.58,25848223.74,59149.25
PROD00344,Nilkamal Furniture Item 344,Furniture,423,171,28132029.54,25840898.41,61089.59
PROD00444,Bajaj Home Item 444,Home,374,152,27924911.96,25789477.57,68955.82
PROD00602,Cello Home Item 602,Home,380,155,28292193.20,25708669.25,67654.39
PROD00942,Harpercollins Books Item 942,Books,392,146,28061762.96,25645730.97,65422.78
PROD00275,Penguin Books Item 275,Books,394,156,27470893.52,25532591.92,64803.53
PROD00030,Nike Sports Item 30,Sports,374,159,27538872.90,25517637.31,68228.98
PROD00483,Urban Ladder Furniture Item 483,Furniture,380,151,27913040.60,25514722.67,67144.01
PROD00818,Harpercollins Books Item 818,Books,388,164,27878168.60,25499902.01,65721.4
PROD00686,Bajaj Home Item 686,Home,423,164,28195678.35,25466096.56,60203.54
PROD00731,Cello Home Item 731,Home,385,155,27260475.55,25377024.53,65914.35
PROD00434,Lego Toys Item 434,Toys,383,152,27343622.41,25266078.34,65968.87
PROD00593,Milton Home Item 593,Home,412,165,27410421.80,25211600.20,61193.2
PROD00389,Hamleys Toys Item 389,Toys,407,153,27254543.36,25198733.79,61913.35
PROD00722,Lakme Beauty Item 722,Beauty,383,152,27454516.23,25182171.28,65749.79
PROD00133,Mamaearth Beauty Item 133,Beauty,375,152,27425587.50,25165718.97,67108.58
PROD00569,Allen Solly Fashion Item 569,Fashion,381,145,27032311.95,25148564.08,66006.73
PROD00963,Scholastic Books Item 963,Books,384,148,27269740.80,25132190.58,65448.41
PROD00747,Oxford Books Item 747,Books,374,152,27046786.14,25101442.54,67116.16
PROD00830,Mamaearth Beauty Item 830,Beauty,365,158,27041890.05,25041530.98,68606.93
PROD00562,Puma Fashion Item 562,Fashion,368,145,26752260.48,25032991.58,68024.43
PROD00478,Prestige Home Item 478,Home,382,147,27277443.44,25017414.43,65490.61
PROD00641,Roadster Fashion Item 641,Fashion,371,150,26706104.81,24956890.96,67269.25
PROD00476,Noise Electronics Item 476,Electronics,429,162,27218492.73,24950284.96,58159.17
PROD00750,Funskool Toys Item 750,Toys,402,161,26908862.94,24890698.29,61917.16
PROD00068,Oxford Books Item 68,Books,403,156,26845159.90,24880067.42,61737.14
PROD00836,Nilkamal Furniture Item 836,Furniture,421,166,26884571.64,24815545.23,58944.29
PROD00044,Cello Home Item 44,Home,388,159,26844148.60,24761651.35,63818.69
PROD00312,Roadster Fashion Item 312,Fashion,386,148,26934091.84,24697724.91,63983.74
PROD00048,Pigeon Home Item 48,Home,358,142,26551581.94,24686296.25,68956.13
PROD00083,Samsung Electronics Item 83,Electronics,410,162,26857812.60,24666608.08,60162.46
PROD00995,Nilkamal Furniture Item 995,Furniture,384,152,26634800.64,24526212.17,63870.34
PROD00746,Samsung Electronics Item 746,Electronics,370,143,26829047.80,24490569.94,66190.73
PROD00461,Nivia Sports Item 461,Sports,374,149,26503476.34,24476739.94,65445.83
PROD00655,Nivea Beauty Item 655,Beauty,407,164,26020425.75,24252698.91,59588.94
PROD00838,Hot Wheels Toys Item 838,Toys,388,147,26362919.96,24209042.24,62394.44
PROD00949,L'oreal Beauty Item 949,Beauty,383,155,25815563.48,24187767.45,63153.44
PROD00907,L'oreal Beauty Item 907,Beauty,394,165,26030216.76,24186960.35,61388.22
PROD00915,L'oreal Beauty Item 915,Beauty,398,156,26368570.62,24182231.81,60759.38
PROD00792,Hamleys Toys Item 792,Toys,381,153,26275684.05,24155008.63,63398.97
PROD00320,Pigeon Home Item 320,Home,416,163,26067441.92,24068520.30,57857.02
PROD00690,Nilkamal Furniture Item 690,Furniture,400,163,25803944.00,24055726.71,60139.32
PROD00758,Yonex Sports Item 758,Sports,368,143,25953726.24,24007196.84,65236.95
PROD00277,Lakme Beauty Item 277,Beauty,391,155,26277901.81,23999587.53,61380.02
PROD00140,Puma Fashion Item 140,Fashion,362,151,26028172.86,23993373.72,66280.04
PROD00299,Allen Solly Fashion Item 299,Fashion,416,159,26029714.88,23983629.20,57652.95
PROD00029,Ikea Furniture Item 29,Furniture,394,157,26080266.58,23981930.33,60867.84
PROD00974,Puma Fashion Item 974,Fashion,395,157,26083335.20,23973556.56,60692.55
PROD00626,Ikea Furniture Item 626,Furniture,419,166,25852656.15,23961524.97,57187.41
PROD00681,Harpercollins Books Item 681,Books,397,154,26062128.96,23961403.17,60356.18
PROD00158,Wakefit Furniture Item 158,Furniture,395,149,25686577.45,23934037.57,60592.5
PROD00581,Lakme Beauty Item 581,Beauty,440,168,25857409.60,23932795.58,54392.72
PROD00051,Bajaj Home Item 51,Home,428,165,25966567.40,23928070.43,55906.71
PROD00981,Pigeon Home Item 981,Home,351,147,25612729.74,23886971.80,68054.05
PROD00837,Decathlon Sports Item 837,Sports,381,156,25843443.36,23869574.07,62649.8
PROD00768,Pigeon Home Item 768,Home,373,153,26583956.18,23857853.32,63962.07
PROD00901,Harpercollins Books Item 901,Books,362,147,25647265.60,23812281.68,65779.78
PROD00630,Roadster Fashion Item 630,Fashion,364,152,25782538.60,23788641.57,65353.41
PROD00749,Lakme Beauty Item 749,Beauty,379,160,25888955.61,23757727.43,62685.3
PROD00216,Levi's Fashion Item 216,Fashion,377,144,25796571.84,23726687.72,62935.51
PROD00104,Lakme Beauty Item 104,Beauty,381,160,26008218.24,23711166.96,62234.03
PROD00635,Roadster Fashion Item 635,Fashion,452,184,25196328.68,23702387.05,52438.91
PROD00904,Harpercollins Books Item 904,Books,354,149,25634556.00,23690240.10,66921.58
PROD00505,Levi's Fashion Item 505,Fashion,371,147,25811809.31,23627198.09,63685.17
PROD00807,Hot Wheels Toys Item 807,Toys,379,153,25719030.96,23584826.43,62229.09
PROD00959,Pearson Books Item 959,Books,423,163,25954324.02,23552168.51,55678.89
PROD00202,Penguin Books Item 202,Books,352,136,25422365.76,23544577.45,66888.0
PROD00126,Noise Electronics Item 126,Electronics,346,146,25741929.44,23536009.80,68023.15
PROD00008,Hot Wheels Toys Item 8,Toys,396,152,25675503.48,23535878.13,59434.04
PROD00604,Mamaearth Beauty Item 604,Beauty,338,138,25266094.88,23501953.32,69532.41
PROD00914,Nilkamal Furniture Item 914,Furniture,362,145,25975096.42,23420639.55,64697.9
PROD00687,Nivia Sports Item 687,Sports,422,176,25436729.42,23399380.14,55448.77
PROD00396,Allen Solly Fashion Item 396,Fashion,352,146,25481452.48,23338693.95,66303.11
PROD00437,Ikea Furniture Item 437,Furniture,356,143,25023898.60,23308777.33,65474.09
PROD00972,Nike Sports Item 972,Sports,371,145,25005132.88,23239271.78,62639.55
PROD00359,Sony Electronics Item 359,Electronics,372,150,24712164.60,23121152.84,62153.64
PROD00441,Roadster Fashion Item 441,Fashion,398,159,25017034.26,23096756.92,58032.05
PROD00218,Harpercollins Books Item 218,Books,394,159,24773679.84,23038264.68,58472.75
PROD00381,Lakme Beauty Item 381,Beauty,373,142,24878551.69,23017662.67,61709.55
PROD00380,Samsung Electronics Item 380,Electronics,390,153,25391129.40,22991993.12,58953.83
PROD00375,L'oreal Beauty Item 375,Beauty,342,139,24926871.78,22991759.24,67227.37
PROD00788,Noise Electronics Item 788,Electronics,405,153,25036079.40,22986829.93,56757.6
PROD00448,Boat Electronics Item 448,Electronics,409,165,24905445.59,22978166.03,56181.34
PROD00298,Hometown Furniture Item 298,Furniture,381,152,24891263.40,22931321.40,60187.2
PROD00727,Levi's Fashion Item 727,Fashion,352,152,24687146.88,22926785.03,65132.91
PROD00221,Samsung Electronics Item 221,Electronics,390,163,24736374.00,22887488.61,58685.87
PROD00662,Cosco Sports Item 662,Sports,421,168,24754741.06,22861385.53,54302.58
PROD00036,Hamleys Toys Item 36,Toys,339,133,24474230.43,22824566.18,67329.1
PROD00796,Lg Electronics Item 796,Electronics,415,169,25077719.60,22775403.66,54880.49
PROD00642,Scholastic Books Item 642,Books,391,154,24542878.41,22772778.23,58242.4
PROD00952,Pigeon Home Item 952,Home,394,154,24675506.86,22755952.67,57756.23
PROD00199,Nilkamal Furniture Item 199,Furniture,391,152,24659517.62,22739102.54,58156.27
PROD00542,Roadster Fashion Item 542,Fashion,357,148,24702622.14,22713265.35,63622.59
PROD00149,Scholastic Books Item 149,Books,420,164,24777555.60,22703910.05,54056.93
PROD00879,L'oreal Beauty Item 879,Beauty,332,136,24877556.80,22700770.58,68375.82
PROD00621,Cosco Sports Item 621,Sports,366,148,24734883.90,22697297.05,62014.47
PROD00229,Pearson Books Item 229,Books,381,147,24559945.80,22664768.88,59487.58
PROD00303,Maybelline Beauty Item 303,Beauty,361,156,24525899.58,22518308.48,62377.59
PROD00241,Bajaj Home Item 241,Home,391,163,24582744.77,22514273.45,57581.26
PROD00829,Lego Toys Item 829,Toys,333,132,24234148.26,22505736.89,67584.8
PROD00109,Yonex Sports Item 109,Sports,336,129,24201021.60,22504789.17,66978.54
PROD00696,Prestige Home Item 696,Home,339,131,24235781.22,22487802.21,66335.7
PROD00826,Sony Electronics Item 826,Electronics,364,149,24034687.04,22459886.80,61702.99
PROD00127,Noise Electronics Item 127,Electronics,388,160,24593504.16,22447911.07,57855.44
PROD00858,Lg Electronics Item 858,Electronics,413,165,24528193.90,22446563.71,54350.03
PROD00305,Cello Home Item 305,Home,391,156,24572387.18,22432515.51,57372.16
PROD00124,Wakefit Furniture Item 124,Furniture,369,144,23821425.99,22417317.58,60751.54
PROD00744,Levi's Fashion Item 744,Fashion,364,138,24358053.72,22400710.05,61540.41
PROD00115,Mamaearth Beauty Item 115,Beauty,384,155,24416520.96,22372273.16,58261.13
PROD00548,Philips Electronics Item 548,Electronics,387,150,24045811.56,22349556.68,57750.79
PROD00206,Ikea Furniture Item 206,Furniture,390,156,24579769.50,22345531.31,57296.23
PROD00368,Allen Solly Fashion Item 368,Fashion,400,162,24194620.00,22340707.07,55851.77
PROD00636,Urban Ladder Furniture Item 636,Furniture,367,140,24232639.33,22274879.59,60694.49
PROD00862,Decathlon Sports Item 862,Sports,369,149,23944085.28,22250479.24,60299.4
PROD00555,Mamaearth Beauty Item 555,Beauty,347,138,24165798.29,22243677.23,64102.82
PROD00884,Prestige Home Item 884,Home,369,149,24174961.20,22196414.24,60152.88
PROD00235,Lg Electronics Item 235,Electronics,441,164,24075976.05,22143346.49,50211.67
PROD00601,Hamleys Toys Item 601,Toys,375,146,24127601.25,22139487.00,59038.63
PROD00605,Nivia Sports Item 605,Sports,393,157,23793571.92,22128627.30,56306.94
PROD00453,Maybelline Beauty Item 453,Beauty,354,143,24242557.20,22075108.23,62359.06
PROD00786,Lg Electronics Item 786,Electronics,415,173,23935245.35,22040612.04,53109.91
PROD00799,Maybelline Beauty Item 799,Beauty,337,133,23808001.93,22010038.57,65311.69
PROD00455,Allen Solly Fashion Item 455,Fashion,352,141,23742304.96,21924534.68,62285.61
PROD00795,Milton Home Item 795,Home,358,140,23684248.96,21921161.74,61232.3
PROD00849,Levi's Fashion Item 849,Fashion,367,139,23717297.93,21904572.44,59685.48
PROD00624,Yonex Sports Item 624,Sports,337,143,23332737.57,21857997.90,64860.53
PROD00091,Pearson Books Item 91,Books,355,148,23779351.95,21843511.72,61531.02
PROD00970,Scholastic Books Item 970,Books,421,167,23434670.30,21831538.29,51856.39
PROD00043,Penguin Books Item 43,Books,354,141,23893084.86,21831125.00,61669.84
PROD00278,Wakefit Furniture Item 278,Furniture,388,156,23498001.68,21787129.06,56152.39
PROD00825,Adidas Fashion Item 825,Fashion,345,141,23528289.30,21775602.28,63117.69
PROD00004,Nike Sports Item 4,Sports,414,159,23463284.40,21768713.86,52581.43
PROD00628,Harpercollins Books Item 628,Books,376,150,23534306.24,21766103.70,57888.57
PROD00743,Philips Electronics Item 743,Electronics,376,148,23447796.16,21760926.80,57874.81
PROD00656,Lg Electronics Item 656,Electronics,380,161,23182177.40,21684486.68,57064.44
PROD00659,Cosco Sports Item 659,Sports,391,167,23523322.45,21673342.28,55430.54
PROD00913,Mamaearth Beauty Item 913,Beauty,383,150,23700143.41,21664282.56,56564.71
PROD00986,Philips Electronics Item 986,Electronics,374,161,23438916.60,21649662.20,57886.8
PROD00531,Mamaearth Beauty Item 531,Beauty,343,144,23287041.75,21552394.65,62834.97
PROD00426,Hot Wheels Toys Item 426,Toys,375,149,23241663.75,21490791.72,57308.78
PROD00718,Nike Sports Item 718,Sports,349,148,23019921.34,21486359.19,61565.5
PROD00339,Cello Home Item 339,Home,371,145,23214887.22,21484721.13,57910.3
PROD00742,Cosco Sports Item 742,Sports,311,135,23145341.52,21437349.29,68930.38
PROD00028,Lego Toys Item 28,Toys,344,139,23432354.64,21412676.36,62246.15
PROD00917,Noise Electronics Item 917,Electronics,348,140,23096551.20,21397494.56,61487.05
PROD00271,Adidas Fashion Item 271,Fashion,393,151,23496153.45,21385684.58,54416.5
PROD00871,Nivia Sports Item 871,Sports,409,159,23148111.65,21382289.78,52279.44
PROD00164,Adidas Fashion Item 164,Fashion,346,135,23244411.48,21373437.83,61772.94
PROD00056,Funskool Toys Item 56,Toys,370,139,23105382.60,21356867.12,57721.26
PROD00645,Milton Home Item 645,Home,315,129,23225954.85,21331011.76,67717.5
PROD00317,Yonex Sports Item 317,Sports,413,161,23161407.57,21299522.02,51572.69
PROD00200,Hamleys Toys Item 200,Toys,390,150,23312753.10,21277370.39,54557.36
PROD00625,Puma Fashion Item 625,Fashion,408,156,23118177.60,21245491.89,52072.28
PROD00964,Nivea Beauty Item 964,Beauty,311,135,22957643.69,21174919.82,68086.56
PROD00110,Harpercollins Books Item 110,Books,340,137,23149807.80,21171861.03,62270.18
PROD00243,Milton Home Item 243,Home,410,163,22781354.80,21125539.29,51525.71
PROD00502,L'oreal Beauty Item 502,Beauty,369,149,22770831.33,21092330.97,57160.79
PROD00782,Samsung Electronics Item 782,Electronics,441,170,22662434.34,21053966.77,47741.42
PROD00457,Hot Wheels Toys Item 457,Toys,380,148,22448237.80,20950704.04,55133.43
PROD00372,Cello Home Item 372,Home,388,154,22455437.92,20944904.62,53981.71
PROD00962,Sony Electronics Item 962,Electronics,364,156,22653933.12,20926881.89,57491.43
PROD00134,Nivea Beauty Item 134,Beauty,317,132,22409275.24,20878799.45,65863.72
PROD00031,Oxford Books Item 31,Books,334,130,22612144.02,20719900.28,62035.63
PROD00789,Milton Home Item 789,Home,436,175,22433154.84,20712078.97,47504.77
PROD00587,Funskool Toys Item 587,Toys,350,148,22499043.00,20689477.01,59112.79
PROD00034,Nivea Beauty Item 34,Beauty,416,169,22325538.56,20672590.06,49693.73
PROD00865,Penguin Books Item 865,Books,425,162,22416548.50,20665420.56,48624.52
PROD01000,Prestige Home Item 1000,Home,361,147,22301103.51,20657864.24,57224.0
PROD00388,Adidas Fashion Item 388,Fashion,413,164,22523524.94,20644746.55,49987.28
PROD00536,Cello Home Item 536,Home,371,151,22214541.37,20624794.61,55592.44
PROD00440,Funskool Toys Item 440,Toys,375,153,22416315.00,20620020.92,54986.72
PROD00615,Wakefit Furniture Item 615,Furniture,344,139,22190913.68,20555624.02,59754.72
PROD00345,Pearson Books Item 345,Books,393,154,22170533.01,20500691.24,52164.61
PROD00978,Lego Toys Item 978,Toys,405,173,22228186.05,20499327.30,50615.62
PROD00853,Puma Fashion Item 853,Fashion,412,171,22355416.64,20456291.44,49651.19
PROD00386,Levi's Fashion Item 386,Fashion,401,160,22022771.63,20438340.38,50968.43
PROD00866,Harpercollins Books Item 866,Books,350,140,22281476.00,20397099.75,58277.43
PROD00146,Scholastic Books Item 146,Books,401,158,22049622.59,20389027.40,50845.45
PROD00166,Wakefit Furniture Item 166,Furniture,409,177,22175055.66,20383159.33,49836.58
PROD00751,Lakme Beauty Item 751,Beauty,411,161,22021869.09,20366210.19,49552.82
PROD00421,Yonex Sports Item 421,Sports,340,140,22059373.40,20327063.74,59785.48
PROD00369,Allen Solly Fashion Item 369,Fashion,364,146,21944071.24,20310323.05,55797.59
PROD00543,Penguin Books Item 543,Books,386,158,22216974.98,20277306.38,52531.88
PROD00496,Nivia Sports Item 496,Sports,337,135,21924495.45,20259014.37,60115.77
PROD00705,Pigeon Home Item 705,Home,387,163,22250909.43,20258676.77,52348.0
PROD00551,Funskool Toys Item 551,Toys,379,150,21893916.61,20238875.04,53400.73
PROD00619,Wakefit Furniture Item 619,Furniture,310,125,21907755.80,20225805.46,65244.53
PROD00249,Pigeon Home Item 249,Home,382,152,21694089.42,20223207.55,52940.33
PROD00663,Hot Wheels Toys Item 663,Toys,381,150,21971877.57,20207207.04,53037.29
PROD00111,Nike Sports Item 111,Sports,295,124,22098621.10,20199637.81,68473.35
PROD00893,Levi's Fashion Item 893,Fashion,411,161,21775277.31,20199086.48,49146.2
PROD00714,Maybelline Beauty Item 714,Beauty,416,161,22078784.00,20178734.80,48506.57
PROD00857,Urban Ladder Furniture Item 857,Furniture,407,160,21936180.75,20157571.35,49527.2
PROD00301,Lakme Beauty Item 301,Beauty,334,135,21494897.32,20124114.85,60251.84
PROD00557,Yonex Sports Item 557,Sports,308,130,21630544.32,20120619.96,65326.69
PROD00353,Mattel Toys Item 353,Toys,425,159,21904627.50,20087831.83,47265.49
PROD00996,Hamleys Toys Item 996,Toys,383,146,21659561.54,20061956.70,52381.09
PROD00759,Cosco Sports Item 759,Sports,423,161,21912275.61,20057761.54,47417.88
PROD00667,Oxford Books Item 667,Books,354,144,22007599.44,20043079.28,56618.87
PROD00664,Pearson Books Item 664,Books,375,154,21687596.25,19993071.92,53314.86
PROD00511,Mamaearth Beauty Item 511,Beauty,350,144,21773297.00,19987886.73,57108.25
PROD00665,Nivea Beauty Item 665,Beauty,384,153,21705062.40,19986744.96,52048.82
PROD00205,Levi's Fashion Item 205,Fashion,417,161,21810330.15,19961420.69,47869.11
PROD00423,Nivia Sports Item 423,Sports,369,147,21332048.67,19944598.40,54050.4
PROD00856,Hometown Furniture Item 856,Furniture,315,136,21690383.40,19931052.32,63273.18
PROD00316,Lego Toys Item 316,Toys,327,132,21517306.32,19911733.60,60892.15
PROD00265,Oxford Books Item 265,Books,459,178,21664226.25,19844714.24,43234.67
PROD00877,Hot Wheels Toys Item 877,Toys,383,155,21329358.09,19797876.81,51691.58
PROD00610,Yonex Sports Item 610,Sports,328,139,21487499.76,19741640.48,60187.93
PROD00463,Yonex Sports Item 463,Sports,381,155,21261937.41,19691009.61,51682.44
PROD00793,Mattel Toys Item 793,Toys,322,129,21242462.36,19678964.29,61114.8
PROD00960,Lego Toys Item 960,Toys,444,174,21588376.68,19675082.52,44313.25
PROD00484,Nike Sports Item 484,Sports,382,147,21299926.54,19649460.95,51438.38
PROD00413,Adidas Fashion Item 413,Fashion,381,153,21384013.62,19641300.79,51551.97
PROD00451,Nilkamal Furniture Item 451,Furniture,372,145,21155543.28,19620060.29,52742.1
PROD00957,Prestige Home Item 957,Home,387,161,21570110.64,19608178.11,50667.13
PROD00189,Maybelline Beauty Item 189,Beauty,343,147,21651250.74,19606059.59,57160.52
PROD00614,Sony Electronics Item 614,Electronics,388,149,21352641.04,19586095.17,50479.63
PROD00985,Scholastic Books Item 985,Books,344,142,20913655.44,19560955.40,56863.24
PROD00228,Urban Ladder Furniture Item 228,Furniture,389,162,21479381.88,19555072.19,50270.11
PROD00976,Scholastic Books Item 976,Books,329,131,21466397.89,19518762.77,59327.55
PROD00613,Harpercollins Books Item 613,Books,338,127,21299732.48,19494296.57,57675.43
PROD00607,Nike Sports Item 607,Sports,361,149,21179281.57,19460298.25,53906.64
PROD00356,Ikea Furniture Item 356,Furniture,363,145,21060247.23,19458972.36,53605.98
PROD00242,Penguin Books Item 242,Books,369,142,21246614.10,19415604.96,52616.82
PROD00526,Nivea Beauty Item 526,Beauty,340,140,21025895.80,19387112.83,57020.92
PROD00194,Roadster Fashion Item 194,Fashion,328,135,21090741.12,19338537.75,58958.96
PROD00450,Hamleys Toys Item 450,Toys,357,146,21090853.14,19300789.16,54063.84
PROD00054,Boat Electronics Item 54,Electronics,354,147,20567927.46,19295504.81,54507.08
PROD00819,Levi's Fashion Item 819,Fashion,448,171,20957462.40,19292092.46,43062.71
PROD00141,Bajaj Home Item 141,Home,387,144,21286981.44,19249041.72,49739.13
PROD00958,Pearson Books Item 958,Books,374,151,20646340.88,19246916.44,51462.34
PROD00803,Harpercollins Books Item 803,Books,386,157,20640570.28,19236904.49,49836.54
PROD00219,Oxford Books Item 219,Books,341,141,20499651.48,19228192.19,56387.66
PROD00333,Boat Electronics Item 333,Electronics,391,149,20576957.59,19221825.47,49160.68
PROD00354,Scholastic Books Item 354,Books,416,164,20869022.72,19208530.79,46174.35
PROD00154,Funskool Toys Item 154,Toys,308,130,20790138.60,19180252.79,62273.55
PROD00703,Decathlon Sports Item 703,Sports,400,164,20928292.00,19123226.78,47808.07
PROD00859,Penguin Books Item 859,Books,381,152,20498462.94,19096927.60,50123.17
PROD00323,Mamaearth Beauty Item 323,Beauty,354,134,20514494.70,19091808.59,53931.66
PROD00802,Pigeon Home Item 802,Home,379,152,20570509.25,19080639.77,50344.7
PROD00181,Nike Sports Item 181,Sports,386,145,20746415.34,19074877.65,49416.78
PROD00967,Samsung Electronics Item 967,Electronics,446,180,20731788.18,19058370.38,42731.77
PROD00005,Ikea Furniture Item 5,Furniture,416,154,20920194.88,19034359.93,45755.67
PROD00175,Adidas Fashion Item 175,Fashion,411,176,20556526.68,18948516.12,46103.45
PROD00504,Nivia Sports Item 504,Sports,358,143,20586754.20,18939238.71,52902.9
PROD00230,Bajaj Home Item 230,Home,367,149,20473792.30,18934073.73,51591.48
PROD00442,Scholastic Books Item 442,Books,377,155,20426338.79,18865918.30,50042.22
PROD00183,Nilkamal Furniture Item 183,Furniture,376,139,20642163.12,18857933.57,50154.08
PROD00762,Prestige Home Item 762,Home,395,159,20631059.35,18836940.58,47688.46
PROD00993,Ikea Furniture Item 993,Furniture,404,164,20487134.92,18795932.01,46524.58
PROD00563,Adidas Fashion Item 563,Fashion,358,143,20323595.56,18785133.52,52472.44
PROD00597,Wakefit Furniture Item 597,Furniture,370,154,20445138.10,18781898.43,50761.89
PROD00211,Cosco Sports Item 211,Sports,372,143,20326522.68,18766516.63,50447.63
PROD00783,Philips Electronics Item 783,Electronics,377,145,20382180.78,18735927.74,49697.42
PROD00654,Cello Home Item 654,Home,373,147,20104644.05,18700552.87,50135.53
PROD00612,Ikea Furniture Item 612,Furniture,327,135,20117036.73,18699000.83,57183.49
PROD00184,Lakme Beauty Item 184,Beauty,366,140,20439778.74,18688994.27,51062.83
PROD00373,Milton Home Item 373,Home,367,149,20434805.89,18647456.43,50810.51
PROD00595,Nivia Sports Item 595,Sports,381,147,20312439.69,18646393.11,48940.66
PROD00254,Milton Home Item 254,Home,378,154,20420969.94,18611174.90,49235.91
PROD00351,Harpercollins Books Item 351,Books,393,154,20194324.65,18580833.93,47279.48
PROD00462,Cosco Sports Item 462,Sports,380,151,20333648.00,18495593.24,48672.61
PROD00025,Hamleys Toys Item 25,Toys,326,133,19895998.42,18495344.62,56734.19
PROD00422,Milton Home Item 422,Home,354,141,19955312.76,18458664.28,52143.12
PROD00699,Urban Ladder Furniture Item 699,Furniture,391,154,20012291.03,18451229.92,47189.85
PROD00575,Philips Electronics Item 575,Electronics,335,139,20166423.80,18441743.08,55049.98
PROD00037,Wakefit Furniture Item 37,Furniture,373,148,19831164.18,18395664.32,49318.13
PROD00087,Lego Toys Item 87,Toys,405,161,19957837.05,18356282.35,45324.15
PROD00948,Boat Electronics Item 948,Electronics,381,151,20065986.03,18349053.93,48160.25
PROD00139,Noise Electronics Item 139,Electronics,363,150,19782360.18,18310944.86,50443.37
PROD00530,Sony Electronics Item 530,Electronics,345,149,19985967.30,18308884.01,53069.23
PROD00326,Milton Home Item 326,Home,414,164,20073204.00,18298616.40,44199.56
PROD00898,Nivia Sports Item 898,Sports,364,149,19795877.92,18292152.61,50253.17
PROD00401,Pigeon Home Item 401,Home,390,160,19850142.00,18246861.30,46786.82
PROD00934,Penguin Books Item 934,Books,356,144,20158144.00,18241421.60,51239.95
PROD00677,Levi's Fashion Item 677,Fashion,430,177,19799418.80,18236185.61,42409.73
PROD00902,Oxford Books Item 902,Books,406,152,19316249.82,18114931.29,44618.06
PROD00606,Lego Toys Item 606,Toys,387,157,19401916.05,18043280.46,46623.46
PROD00285,Nike Sports Item 285,Sports,462,178,19351835.58,17986316.42,38931.42
PROD00774,Harpercollins Books Item 774,Books,357,138,19419289.89,17917966.57,50190.38
PROD00852,Wakefit Furniture Item 852,Furniture,324,135,19481838.12,17915474.19,55294.67
PROD00148,Levi's Fashion Item 148,Fashion,397,158,19466660.77,17895108.05,45075.84
PROD00710,Urban Ladder Furniture Item 710,Furniture,400,153,19496236.00,17870737.20,44676.84
PROD00599,Sony Electronics Item 599,Electronics,401,156,19101169.84,17846018.09,44503.79
PROD00094,Oxford Books Item 94,Books,354,145,19706811.84,17833551.36,50377.26
PROD00643,Prestige Home Item 643,Home,404,159,19347838.76,17829703.87,44132.93
PROD00752,Pearson Books Item 752,Books,401,159,19275083.54,17804216.86,44399.54
PROD00954,Prestige Home Item 954,Home,389,151,18990843.85,17726414.81,45569.19
PROD00177,Urban Ladder Furniture Item 177,Furniture,428,170,19225558.84,17718508.55,41398.38
PROD00861,Mattel Toys Item 861,Toys,365,153,19344970.80,17707273.25,48513.08
PROD00065,Cosco Sports Item 65,Sports,411,160,19085401.50,17678375.37,43013.08
PROD00244,Boat Electronics Item 244,Electronics,371,159,19182896.32,17673083.48,47636.34
PROD00598,Prestige Home Item 598,Home,323,130,19246016.37,17672967.25,54715.07
PROD00516,Harpercollins Books Item 516,Books,384,155,19080149.76,17671498.04,46019.53
PROD00428,Nivea Beauty Item 428,Beauty,394,158,19403979.92,17660576.65,44823.8
PROD00002,Yonex Sports Item 2,Sports,441,172,19212672.15,17657360.42,40039.37
PROD00918,Yonex Sports Item 918,Sports,321,136,19043045.73,17601469.30,54833.24
PROD00272,Milton Home Item 272,Home,442,177,19101741.62,17569712.93,39750.48
PROD00361,Philips Electronics Item 361,Electronics,423,159,19025630.55,17539112.50,41463.62
PROD00737,Bajaj Home Item 737,Home,392,155,18924023.44,17536100.72,44734.95
PROD00239,Puma Fashion Item 239,Fashion,456,177,19202305.92,17534737.25,38453.37
PROD00850,Sony Electronics Item 850,Electronics,311,133,18811264.18,17516855.55,56324.29
PROD00846,Cello Home Item 846,Home,355,140,18841735.05,17485660.86,49255.38
PROD00038,Yonex Sports Item 38,Sports,362,142,18955362.56,17426366.44,48139.13
PROD00294,Nivia Sports Item 294,Sports,399,151,18726167.25,17400316.90,43609.82
PROD00157,Prestige Home Item 157,Home,364,147,18849554.36,17376285.60,47737.05
PROD00392,Sony Electronics Item 392,Electronics,414,162,18936600.12,17353975.92,41917.82
PROD00854,Adidas Fashion Item 854,Fashion,433,165,18943031.22,17346216.82,40060.55
PROD00096,Sony Electronics Item 96,Electronics,356,143,18656468.36,17343702.96,48718.27
PROD00497,Mamaearth Beauty Item 497,Beauty,367,150,18669440.47,17331548.80,47224.93
PROD00561,Harpercollins Books Item 561,Books,324,144,18742324.32,17313511.32,53436.76
PROD00007,Levi's Fashion Item 7,Fashion,422,170,18827968.88,17313254.34,41026.67
PROD00873,Prestige Home Item 873,Home,372,144,18817701.84,17305203.84,46519.37
PROD00163,Cosco Sports Item 163,Sports,359,147,18861328.68,17269411.52,48104.21
PROD00693,Oxford Books Item 693,Books,351,146,18899798.58,17268277.39,49197.37
PROD00287,Hot Wheels Toys Item 287,Toys,344,142,18804419.44,17197297.70,49992.14
PROD00252,Funskool Toys Item 252,Toys,332,145,18658270.52,17177410.91,51739.19
PROD00433,Boat Electronics Item 433,Electronics,410,156,18767733.60,17156454.99,41845.01
PROD00335,Mamaearth Beauty Item 335,Beauty,383,145,18623876.73,17126186.36,44715.89
PROD00987,Funskool Toys Item 987,Toys,345,139,18525168.30,17123699.04,49633.91
PROD00385,Mamaearth Beauty Item 385,Beauty,395,155,18855364.50,17108259.68,43312.05
PROD00576,Nivia Sports Item 576,Sports,391,159,18124754.17,17097993.86,43728.88
PROD00592,Hometown Furniture Item 592,Furniture,372,154,18404633.04,17096024.10,45957.05
PROD00348,Lego Toys Item 348,Toys,372,159,18387878.16,17080460.35,45915.22
PROD00302,Pearson Books Item 302,Books,331,134,18315977.68,17068167.15,51565.46
PROD00589,Nilkamal Furniture Item 589,Furniture,373,149,18374886.39,17002927.72,45584.26
PROD00805,Milton Home Item 805,Home,385,149,18609206.00,17002047.30,44161.16
PROD00358,Nivea Beauty Item 358,Beauty,368,141,18500743.68,16995044.51,46182.19
PROD00468,Cello Home Item 468,Home,396,159,18383369.40,16941945.99,42782.69
PROD00736,L'oreal Beauty Item 736,Beauty,431,160,18217701.95,16922173.83,39262.58
PROD00033,Nilkamal Furniture Item 33,Furniture,369,155,18165652.29,16920148.33,45854.06
PROD00273,Decathlon Sports Item 273,Sports,365,145,18312203.30,16897397.52,46294.24
PROD00410,Pearson Books Item 410,Books,350,141,18325870.50,16857182.93,48163.38
PROD00122,Hometown Furniture Item 122,Furniture,278,111,18168915.18,16799711.06,60430.62
PROD00112,Nivia Sports Item 112,Sports,424,168,18178614.16,16727326.21,39451.24
PROD00269,Penguin Books Item 269,Books,411,162,18284843.37,16718842.24,40678.45
PROD00102,Pigeon Home Item 102,Home,364,146,18028348.52,16703463.09,45888.63
PROD00875,Levi's Fashion Item 875,Fashion,407,163,17969693.06,16702542.62,41038.19
PROD00550,Yonex Sports Item 550,Sports,415,166,18205967.00,16666137.02,40159.37
PROD00012,Lg Electronics Item 12,Electronics,388,158,18163222.84,16644159.56,42897.32
PROD00574,Hometown Furniture Item 574,Furniture,344,144,17943301.44,16631458.35,48347.26
PROD00790,Funskool Toys Item 790,Toys,354,139,18141721.20,16601724.81,46897.53
PROD00397,Nivia Sports Item 397,Sports,391,156,18066956.55,16537503.07,42295.4
PROD00479,Levi's Fashion Item 479,Fashion,431,168,17904175.31,16522936.84,38336.28
PROD00061,Philips Electronics Item 61,Electronics,438,177,17776799.40,16500360.11,37672.06
PROD00300,Lg Electronics Item 300,Electronics,374,149,17894819.14,16497683.55,44111.45
PROD00474,Nilkamal Furniture Item 474,Furniture,393,153,17955081.39,16483952.64,41943.9
PROD00651,Prestige Home Item 651,Home,402,157,18156133.02,16478271.50,40990.73
PROD00725,Ikea Furniture Item 725,Furniture,334,140,17704314.62,16463952.36,49293.27
PROD00646,Samsung Electronics Item 646,Electronics,331,134,17712094.66,16462616.01,49736.0
PROD00632,Lakme Beauty Item 632,Beauty,374,153,17874608.18,16426478.25,43921.06
PROD00800,Cello Home Item 800,Home,325,129,17886488.75,16422548.32,50530.92
PROD00186,Cosco Sports Item 186,Sports,382,154,18081484.86,16422437.54,42990.67
PROD00162,Hamleys Toys Item 162,Toys,378,149,17898042.96,16418376.70,43434.86
PROD00535,Urban Ladder Furniture Item 535,Furniture,368,147,17738994.72,16379647.71,44509.91
PROD00467,L'oreal Beauty Item 467,Beauty,317,138,17731315.75,16352524.03,51585.25
PROD00524,Mamaearth Beauty Item 524,Beauty,437,165,17649726.43,16324987.10,37356.95
PROD00828,Nivea Beauty Item 828,Beauty,402,156,17651156.70,16303170.23,40555.15
PROD00644,Nivia Sports Item 644,Sports,368,149,17684563.84,16302957.29,44301.51
PROD00955,Lg Electronics Item 955,Electronics,390,152,17663977.50,16287092.94,41761.78
PROD00513,Prestige Home Item 513,Home,307,123,17557477.36,16213501.07,52812.71
PROD00435,Bajaj Home Item 435,Home,460,175,17663553.80,16210150.58,35239.46
PROD00945,Lego Toys Item 945,Toys,345,142,17338385.55,16200082.71,46956.76
PROD00076,Pearson Books Item 76,Books,388,168,17712044.80,16194195.60,41737.62
PROD00867,Ikea Furniture Item 867,Furniture,364,151,17356881.36,16191013.97,44480.81
PROD00309,Pigeon Home Item 309,Home,361,146,17213905.95,16095717.22,44586.47
PROD00314,Nilkamal Furniture Item 314,Furniture,396,152,17573299.92,16093326.33,40639.71
PROD00446,Roadster Fashion Item 446,Fashion,358,143,17386982.42,16090243.64,44944.81
PROD00431,Harpercollins Books Item 431,Books,383,147,17528753.34,16087093.37,42002.85
PROD00469,Maybelline Beauty Item 469,Beauty,394,152,17366117.36,16068066.16,40781.89
PROD00417,Prestige Home Item 417,Home,313,131,17646623.87,16025727.81,51200.41
PROD00649,Mattel Toys Item 649,Toys,388,164,17668503.44,16001835.19,41241.84
PROD00534,Nivia Sports Item 534,Sports,382,150,17308767.62,15999282.30,41882.94
PROD00922,Hamleys Toys Item 922,Toys,416,166,17342748.80,15944072.61,38327.1
PROD00507,Hometown Furniture Item 507,Furniture,379,139,17357529.17,15919464.83,42003.86
PROD00308,Boat Electronics Item 308,Electronics,379,152,17312272.78,15871106.07,41876.27
PROD00482,Harpercollins Books Item 482,Books,333,133,17234032.05,15821151.90,47510.97
PROD00292,Nike Sports Item 292,Sports,356,138,17293283.84,15748546.70,44237.49
PROD00724,Adidas Fashion Item 724,Fashion,379,143,17062163.10,15747611.09,41550.43
PROD00653,L'oreal Beauty Item 653,Beauty,339,148,17112191.16,15744225.46,46443.14
PROD00847,Mamaearth Beauty Item 847,Beauty,412,159,17087065.52,15730883.34,38181.76
PROD00745,Nilkamal Furniture Item 745,Furniture,310,130,17195808.50,15709203.00,50674.85
PROD00364,Nivea Beauty Item 364,Beauty,347,145,17033525.59,15695878.37,45233.08
PROD00909,Hamleys Toys Item 909,Toys,378,147,17098724.16,15689662.67,41507.04
PROD00627,Pigeon Home Item 627,Home,357,141,17311551.18,15682228.77,43927.81
PROD00259,Hometown Furniture Item 259,Furniture,435,167,17128538.25,15661783.95,36004.1
PROD00095,Levi's Fashion Item 95,Fashion,312,122,16971495.84,15641518.11,50133.07
PROD00486,Harpercollins Books Item 486,Books,387,149,17015321.88,15641345.65,40416.91
PROD00494,Cosco Sports Item 494,Sports,357,147,16911625.50,15604171.95,43709.17
PROD00811,Bajaj Home Item 811,Home,342,137,17119774.44,15492895.30,45300.86
PROD00383,Nike Sports Item 383,Sports,407,168,16586007.02,15475518.77,38023.39
PROD00330,Roadster Fashion Item 330,Fashion,341,139,16848496.28,15467512.49,45359.27
PROD00412,Allen Solly Fashion Item 412,Fashion,395,158,16646603.50,15453947.97,39123.92
PROD00233,Scholastic Books Item 233,Books,394,156,16594736.28,15442792.08,39194.9
PROD00896,Nilkamal Furniture Item 896,Furniture,352,140,16657125.76,15374716.28,43678.17
PROD00190,Noise Electronics Item 190,Electronics,352,144,16573444.80,15365749.06,43652.7
PROD00794,Nilkamal Furniture Item 794,Furniture,345,131,16497306.60,15335322.40,44450.21
PROD00419,Ikea Furniture Item 419,Furniture,365,154,16634298.30,15317226.56,41965.0
PROD00940,Samsung Electronics Item 940,Electronics,347,135,16743929.80,15293915.13,44074.68
PROD00429,Allen Solly Fashion Item 429,Fashion,382,150,16637559.24,15278680.09,39996.54
PROD00310,Nivia Sports Item 310,Sports,393,152,16539758.70,15258242.91,38825.05
PROD00823,Pigeon Home Item 823,Home,387,154,16319263.68,15159626.08,39172.16
PROD00899,Nilkamal Furniture Item 899,Furniture,391,162,16595228.64,15152165.22,38752.34
PROD00673,Decathlon Sports Item 673,Sports,404,155,16327761.00,15141573.22,37479.14
PROD00905,Pearson Books Item 905,Books,355,137,16238800.50,15104371.51,42547.53
PROD00961,Yonex Sports Item 961,Sports,427,166,16388832.18,15080028.52,35316.23
PROD00472,Prestige Home Item 472,Home,324,127,16261232.76,15079281.93,46540.99
PROD00098,Nivia Sports Item 98,Sports,371,151,16383059.49,15067115.47,40612.17
PROD00989,Hamleys Toys Item 989,Toys,394,167,16110600.90,15047464.65,38191.53
PROD00214,Roadster Fashion Item 214,Fashion,357,140,16366764.96,15037251.82,42121.15
PROD00267,Nivia Sports Item 267,Sports,347,137,16265666.64,15021132.15,43288.57
PROD00027,Prestige Home Item 27,Home,374,148,16299780.20,14985773.71,40068.91
PROD00125,Lakme Beauty Item 125,Beauty,389,160,16163043.36,14970551.45,38484.71
PROD00937,Cello Home Item 937,Home,311,130,16210731.94,14951924.37,48076.93
PROD00492,Funskool Toys Item 492,Toys,367,150,16225591.14,14912512.05,40633.55
PROD00021,Harpercollins Books Item 21,Books,423,163,16248474.81,14900197.16,35225.05
PROD00951,Nivia Sports Item 951,Sports,385,166,16079170.80,14895159.12,38688.72
PROD00168,Philips Electronics Item 168,Electronics,416,164,16171608.96,14894596.03,35804.32
PROD00916,Pearson Books Item 916,Books,361,147,16396836.60,14870704.44,41193.09
PROD00182,Hamleys Toys Item 182,Toys,437,166,16188595.08,14869798.80,34027.0
PROD00540,Puma Fashion Item 540,Fashion,380,152,16127762.40,14822686.87,39007.07
PROD00011,Nilkamal Furniture Item 11,Furniture,345,143,16268523.30,14801998.45,42904.34
PROD00539,Hot Wheels Toys Item 539,Toys,370,150,15966861.60,14786608.45,39963.81
PROD00683,Philips Electronics Item 683,Electronics,442,161,16043349.14,14769318.40,33414.75
PROD00258,Cosco Sports Item 258,Sports,458,180,15924531.76,14726714.92,32154.4
PROD00424,Levi's Fashion Item 424,Fashion,419,163,15805777.78,14687302.18,35053.23
PROD00554,Sony Electronics Item 554,Electronics,394,160,15977373.74,14673636.24,37242.73
PROD00464,Hometown Furniture Item 464,Furniture,354,144,16141677.84,14666583.81,41431.03
PROD00039,L'oreal Beauty Item 39,Beauty,343,144,15897665.84,14657833.35,42734.21
PROD00691,Pearson Books Item 691,Books,365,157,15864356.35,14640844.93,40111.9
PROD00579,Urban Ladder Furniture Item 579,Furniture,424,165,15843565.60,14610457.74,34458.63
PROD00611,Hamleys Toys Item 611,Toys,380,156,15785982.80,14608265.35,38442.8
PROD00824,Hot Wheels Toys Item 824,Toys,305,123,15792375.40,14552285.63,47712.41
PROD00176,Adidas Fashion Item 176,Fashion,380,158,15753675.20,14549348.14,38287.76
PROD00980,Samsung Electronics Item 980,Electronics,427,160,15951447.54,14516938.08,33997.51
PROD00070,Sony Electronics Item 70,Electronics,420,172,15568257.60,14448825.76,34401.97
PROD00466,Yonex Sports Item 466,Sports,353,140,15482290.54,14440634.92,40908.31
PROD00378,Yonex Sports Item 378,Sports,405,165,15659620.65,14426183.81,35620.21
PROD00003,Wakefit Furniture Item 3,Furniture,379,149,15459747.31,14425698.29,38062.53
PROD00761,Hot Wheels Toys Item 761,Toys,353,137,15902547.63,14397887.34,40787.22
PROD00757,Pearson Books Item 757,Books,314,130,15754356.54,14382121.94,45802.94
PROD00268,Decathlon Sports Item 268,Sports,383,150,15558291.11,14363999.26,37503.91
PROD00701,Noise Electronics Item 701,Electronics,348,138,15614972.28,14320455.29,41150.73
PROD00855,Lakme Beauty Item 855,Beauty,341,133,15679565.33,14281738.92,41881.93
PROD00459,Hometown Furniture Item 459,Furniture,398,167,15594145.46,14279613.90,35878.43
PROD00119,Decathlon Sports Item 119,Sports,370,153,15319276.50,14269698.90,38566.75
PROD00944,Prestige Home Item 944,Home,400,160,15327000.00,14240698.71,35601.75
PROD00142,Philips Electronics Item 142,Electronics,435,174,15432690.75,14222909.55,32696.34
PROD00812,Ikea Furniture Item 812,Furniture,353,144,15239956.04,14208128.95,40249.66
PROD00704,Maybelline Beauty Item 704,Beauty,360,147,15401635.20,14190895.54,39419.15
PROD00460,Oxford Books Item 460,Books,363,156,15358203.30,14148162.92,38975.66
PROD00291,Mamaearth Beauty Item 291,Beauty,405,153,15292484.10,14137051.99,34906.3
PROD00432,Roadster Fashion Item 432,Fashion,360,149,15421244.40,14082594.54,39118.32
PROD00780,Adidas Fashion Item 780,Fashion,335,135,15130053.90,14059659.04,41969.13
PROD00776,Nilkamal Furniture Item 776,Furniture,436,171,15132012.20,13981493.24,32067.65
PROD00529,Decathlon Sports Item 529,Sports,382,152,15231852.72,13943923.82,36502.42
PROD00107,Samsung Electronics Item 107,Electronics,361,143,14996564.53,13920633.67,38561.31
PROD00723,Funskool Toys Item 723,Toys,381,142,15311448.93,13860679.00,36379.73
PROD00234,Decathlon Sports Item 234,Sports,393,164,14951233.05,13853667.85,35251.06
PROD00765,Adidas Fashion Item 765,Fashion,369,145,14876891.82,13812528.74,37432.33
PROD00787,Penguin Books Item 787,Books,355,145,15022371.70,13803655.39,38883.54
PROD00634,Funskool Toys Item 634,Toys,304,127,15067933.28,13756923.89,45253.04
PROD00863,Funskool Toys Item 863,Toys,386,156,14713575.02,13737752.45,35590.03
PROD00069,Hometown Furniture Item 69,Furniture,362,144,14869816.08,13695018.42,37831.54
PROD00518,Milton Home Item 518,Home,352,138,14748557.12,13629845.57,38721.15
PROD00022,Scholastic Books Item 22,Books,411,163,14831732.34,13628232.92,33158.72
PROD00137,Oxford Books Item 137,Books,383,159,14691355.29,13588544.75,35479.23
PROD00217,Puma Fashion Item 217,Fashion,372,149,14488213.32,13555437.36,36439.35
PROD00284,Ikea Furniture Item 284,Furniture,349,142,14686056.11,13554093.47,38836.94
PROD00338,Mattel Toys Item 338,Toys,342,136,14788008.18,13488652.37,39440.5
PROD00311,Nivea Beauty Item 311,Beauty,341,140,14545757.38,13479352.80,39528.89
PROD00806,Pigeon Home Item 806,Home,416,154,14693290.56,13460608.33,32357.23
PROD00059,Prestige Home Item 59,Home,337,140,14399848.24,13419205.76,39819.6
PROD00895,Scholastic Books Item 895,Books,394,150,14514550.24,13396487.83,34001.24
PROD00066,Roadster Fashion Item 66,Fashion,412,163,14575039.72,13370476.33,32452.61
PROD00973,Nilkamal Furniture Item 973,Furniture,424,170,14553325.12,13341692.14,31466.26
PROD00064,Nike Sports Item 64,Sports,362,150,14526459.08,13314583.25,36780.62
PROD00990,L'oreal Beauty Item 990,Beauty,354,141,14373621.30,13313871.13,37609.81
PROD00684,Bajaj Home Item 684,Home,347,139,14361233.48,13312077.09,38363.33
PROD00590,Allen Solly Fashion Item 590,Fashion,391,155,14471242.35,13236930.31,33854.04
PROD00192,Oxford Books Item 192,Books,406,160,14336525.84,13190663.13,32489.32
PROD00881,Nivea Beauty Item 881,Beauty,409,156,14284067.33,13135055.49,32115.05
PROD00781,Hometown Furniture Item 781,Furniture,345,136,14172441.30,13114643.19,38013.46
PROD00117,Boat Electronics Item 117,Electronics,391,156,14102419.87,13065477.15,33415.54
PROD00936,Hamleys Toys Item 936,Toys,346,138,14161378.64,13060392.84,37746.8
PROD00491,Philips Electronics Item 491,Electronics,437,167,14110161.90,13049477.98,29861.51
PROD00329,Yonex Sports Item 329,Sports,400,166,14051940.00,13040200.18,32600.5
PROD00647,Pearson Books Item 647,Books,380,158,14126009.80,13029385.34,34287.86
PROD00650,Bajaj Home Item 650,Home,361,156,14068390.21,13027875.05,36088.3
PROD00089,Maybelline Beauty Item 89,Beauty,427,167,14228186.56,13016958.02,30484.68
PROD00325,Pigeon Home Item 325,Home,350,134,14137326.00,13014418.43,37184.05
PROD00393,Allen Solly Fashion Item 393,Fashion,369,144,14205083.04,13002078.02,35235.98
PROD00471,Wakefit Furniture Item 471,Furniture,387,151,14011617.51,12963461.54,33497.32
PROD00588,Boat Electronics Item 588,Electronics,386,160,13807467.04,12891738.70,33398.29
PROD00058,Urban Ladder Furniture Item 58,Furniture,422,163,13914171.34,12867311.24,30491.26
PROD00409,Funskool Toys Item 409,Toys,406,156,14088147.22,12851096.90,31652.95
PROD00490,Pearson Books Item 490,Books,378,146,13832373.24,12840687.17,33970.07
PROD00748,Bajaj Home Item 748,Home,352,140,13849943.36,12823001.56,36428.98
PROD00171,Scholastic Books Item 171,Books,356,137,13878022.76,12796238.82,35944.49
PROD00017,Cosco Sports Item 17,Sports,385,152,13987277.15,12786551.03,33211.82
PROD00891,Hamleys Toys Item 891,Toys,423,161,13827683.88,12766907.62,30181.81
PROD00331,Funskool Toys Item 331,Toys,390,164,13687748.10,12713812.00,32599.52
PROD00525,Nike Sports Item 525,Sports,393,158,13928265.84,12663026.43,32221.44
PROD00546,Nivea Beauty Item 546,Beauty,348,142,13789771.44,12648548.93,36346.4
PROD00738,Maybelline Beauty Item 738,Beauty,411,163,13829348.55,12648301.84,30774.46
PROD00717,Levi's Fashion Item 717,Fashion,407,157,13811296.73,12618502.77,31003.69
PROD00741,L'oreal Beauty Item 741,Beauty,376,152,13671145.68,12576726.84,33448.74
PROD00212,Boat Electronics Item 212,Electronics,406,164,13652951.76,12481017.34,30741.42
PROD00400,Nilkamal Furniture Item 400,Furniture,358,150,13484814.64,12454619.99,34789.44
PROD00586,Allen Solly Fashion Item 586,Fashion,389,153,13570677.34,12398505.66,31872.77
PROD00046,Hot Wheels Toys Item 46,Toys,295,123,13431155.30,12381704.04,41971.88
PROD00439,Pearson Books Item 439,Books,389,153,13475874.15,12363854.56,31783.69
PROD00728,Maybelline Beauty Item 728,Beauty,302,128,13378285.92,12361624.75,40932.53
PROD00201,L'oreal Beauty Item 201,Beauty,366,150,13221321.78,12332675.59,33695.83
PROD00129,Roadster Fashion Item 129,Fashion,400,157,13336628.00,12278033.13,30695.08
PROD00077,Philips Electronics Item 77,Electronics,368,157,13327039.04,12220677.41,33208.36
PROD00357,Bajaj Home Item 357,Home,448,170,13260526.72,12212708.13,27260.51
PROD00376,Ikea Furniture Item 376,Furniture,332,140,13255166.40,12209126.16,36774.48
PROD00406,Mattel Toys Item 406,Toys,420,169,13278417.60,12203498.11,29055.95
PROD00519,Pearson Books Item 519,Books,348,140,13144120.08,12141314.29,34888.83
PROD00116,Lego Toys Item 116,Toys,400,158,13219684.00,12114188.08,30285.47
PROD00698,Boat Electronics Item 698,Electronics,366,151,13102551.12,12107330.03,33080.14
PROD00797,Lg Electronics Item 797,Electronics,425,164,13105648.50,12095742.73,28460.57
PROD00697,Philips Electronics Item 697,Electronics,387,154,13038134.49,12054378.69,31148.27
PROD00108,Decathlon Sports Item 108,Sports,375,151,13056127.50,12053416.98,32142.45
PROD00773,Funskool Toys Item 773,Toys,388,161,12884541.04,12009521.19,30952.37
PROD00965,Ikea Furniture Item 965,Furniture,355,156,12803128.25,11946580.80,33652.34
PROD00943,Mamaearth Beauty Item 943,Beauty,443,158,12902658.52,11884717.39,26827.8
PROD00350,Harpercollins Books Item 350,Books,394,162,12922218.94,11880897.97,30154.56
PROD00222,Roadster Fashion Item 222,Fashion,431,173,12889274.81,11850058.36,27494.33
PROD00480,Puma Fashion Item 480,Fashion,380,157,12750064.00,11844138.40,31168.79
PROD00910,Nike Sports Item 910,Sports,374,144,12628641.08,11750714.21,31419.02
PROD00772,Adidas Fashion Item 772,Fashion,388,153,12707989.40,11723775.14,30215.92
PROD00544,Cosco Sports Item 544,Sports,375,147,12713070.00,11692634.29,31180.36
PROD00537,Philips Electronics Item 537,Electronics,453,180,12717173.19,11688289.43,25801.96
PROD00026,Boat Electronics Item 26,Electronics,367,146,12601113.82,11668906.00,31795.38
PROD00447,Lg Electronics Item 447,Electronics,351,147,12675483.99,11667945.51,33242.01
PROD00347,Nilkamal Furniture Item 347,Furniture,365,141,12577038.60,11658742.49,31941.76
PROD00198,Oxford Books Item 198,Books,348,136,12656432.88,11645372.97,33463.72
PROD00072,Roadster Fashion Item 72,Fashion,345,143,12406193.10,11597093.49,33614.76
PROD00246,Mattel Toys Item 246,Toys,335,129,12574620.30,11566773.80,34527.68
PROD00938,Adidas Fashion Item 938,Fashion,373,153,12567306.23,11556530.93,30982.66
PROD00785,Penguin Books Item 785,Books,435,179,12464002.80,11554273.83,26561.55
PROD00885,Pigeon Home Item 885,Home,420,174,12606900.60,11547320.71,27493.62
PROD00872,Samsung Electronics Item 872,Electronics,332,136,12315486.88,11542059.45,34765.24
PROD00178,Penguin Books Item 178,Books,342,144,12544084.62,11520751.52,33686.41
PROD00583,Prestige Home Item 583,Home,307,124,12435547.69,11489716.99,37425.79
PROD00521,Mattel Toys Item 521,Toys,357,141,12599740.23,11486233.66,32174.32
PROD00180,Cello Home Item 180,Home,319,125,12477669.05,11456768.74,35914.64
PROD00560,Prestige Home Item 560,Home,373,148,12520211.25,11410846.54,30592.08
PROD00512,Hot Wheels Toys Item 512,Toys,386,157,12334556.66,11396683.07,29525.09
PROD00342,Allen Solly Fashion Item 342,Fashion,383,164,12255800.84,11318216.03,29551.48
PROD00678,Maybelline Beauty Item 678,Beauty,366,148,12168017.70,11296973.68,30866.05
PROD00079,Urban Ladder Furniture Item 79,Furniture,372,147,12239793.24,11290551.26,30350.94
PROD00237,Pigeon Home Item 237,Home,364,152,12225555.16,11288486.50,31012.33
PROD00449,Boat Electronics Item 449,Electronics,408,162,12247042.08,11272981.93,27629.86
PROD00906,Mattel Toys Item 906,Toys,345,140,12173142.15,11268095.53,32661.15
PROD00248,Puma Fashion Item 248,Fashion,379,147,12122345.32,11255549.58,29698.02
PROD00868,Decathlon Sports Item 868,Sports,393,154,12175108.56,11230221.00,28575.63
PROD00382,Mamaearth Beauty Item 382,Beauty,383,152,12250300.96,11223578.64,29304.38
PROD00337,Urban Ladder Furniture Item 337,Furniture,363,146,11972375.25,11157725.91,30737.54
PROD00882,Nivea Beauty Item 882,Beauty,347,138,12084424.21,11116277.31,32035.38
PROD00489,Lego Toys Item 489,Toys,337,135,12049461.96,11098376.82,32932.87
PROD00436,Ikea Furniture Item 436,Furniture,433,178,12012684.36,11044456.43,25506.83
PROD00971,Levi's Fashion Item 971,Fashion,383,150,12014625.74,11043731.00,28834.81
PROD00209,Nivia Sports Item 209,Sports,387,159,11958710.22,11037858.56,28521.6
PROD00247,Oxford Books Item 247,Books,343,137,11887272.11,11013921.39,32110.56
PROD00547,Prestige Home Item 547,Home,393,155,11856735.33,10954658.12,27874.45
PROD00900,Puma Fashion Item 900,Fashion,355,142,11923086.80,10856726.22,30582.33
PROD00280,Pearson Books Item 280,Books,399,154,11792113.83,10824214.68,27128.36
PROD00374,Mattel Toys Item 374,Toys,419,169,11742315.78,10816102.16,25814.09
PROD00251,Lg Electronics Item 251,Electronics,314,126,11677446.48,10777464.97,34323.14
PROD00318,Nike Sports Item 318,Sports,412,164,11746264.20,10774061.11,26150.63
PROD00074,Oxford Books Item 74,Books,356,146,11541705.12,10770096.77,30253.08
PROD00411,Milton Home Item 411,Home,387,159,11718387.09,10708546.80,27670.66
PROD00172,Lakme Beauty Item 172,Beauty,444,164,11595588.36,10702414.52,24104.54
PROD00801,Cello Home Item 801,Home,422,162,11533538.52,10689021.09,25329.43
PROD00398,Penguin Books Item 398,Books,415,161,11674078.65,10672639.63,25717.2
PROD00564,Mattel Toys Item 564,Toys,425,161,11450962.00,10649394.63,25057.4
PROD00106,L'oreal Beauty Item 106,Beauty,354,149,11544750.66,10612039.08,29977.51
PROD00843,Boat Electronics Item 843,Electronics,401,150,11473520.27,10569372.62,26357.54
PROD00023,Roadster Fashion Item 23,Fashion,313,136,11588202.13,10508981.52,33575.02
PROD00935,Lakme Beauty Item 935,Beauty,368,145,11410528.16,10505127.57,28546.54
PROD00328,Nike Sports Item 328,Sports,297,124,11447600.67,10485925.10,35306.15
PROD00603,Decathlon Sports Item 603,Sports,337,136,11136414.38,10473847.31,31079.67
PROD00998,Wakefit Furniture Item 998,Furniture,443,182,11380483.94,10408133.23,23494.66
PROD00024,Cosco Sports Item 24,Sports,392,148,11367208.16,10349378.97,26401.48
PROD00078,Pigeon Home Item 78,Home,350,141,11300075.50,10339569.02,29541.63
PROD00708,Roadster Fashion Item 708,Fashion,360,136,11191316.40,10283576.17,28565.49
PROD00082,Sony Electronics Item 82,Electronics,358,147,11111818.80,10216355.19,28537.31
PROD00135,Sony Electronics Item 135,Electronics,394,168,10908209.14,10142696.66,25742.88
PROD00427,Hometown Furniture Item 427,Furniture,360,138,10823065.20,10107540.37,28076.5
PROD00568,Prestige Home Item 568,Home,409,163,10906234.49,10104933.00,24706.44
PROD00585,Penguin Books Item 585,Books,346,140,10916033.58,10083133.92,29142.01
PROD00477,Harpercollins Books Item 477,Books,399,157,10904937.33,10031722.45,25142.16
PROD00719,Noise Electronics Item 719,Electronics,392,155,10995094.32,10024608.94,25572.98
PROD00596,Yonex Sports Item 596,Sports,436,175,10753072.36,10016881.64,22974.5
PROD00057,Mattel Toys Item 57,Toys,409,167,10827350.66,10000077.54,24450.07
PROD00775,Sony Electronics Item 775,Electronics,422,168,10831444.46,9967752.19,23620.27
PROD00332,L'oreal Beauty Item 332,Beauty,379,159,10765673.13,9953276.74,26261.94
PROD00804,Pearson Books Item 804,Books,401,157,10955231.78,9919812.03,24737.69
PROD00367,Hometown Furniture Item 367,Furniture,360,139,10773500.40,9883190.16,27453.31
PROD00384,Nivia Sports Item 384,Sports,340,149,10654855.40,9851040.74,28973.65
PROD00191,Wakefit Furniture Item 191,Furniture,379,150,10717384.74,9822384.10,25916.58
PROD00695,Mattel Toys Item 695,Toys,325,133,10691372.25,9821258.93,30219.26
PROD00092,Puma Fashion Item 92,Fashion,405,150,10555515.00,9759290.35,24097.01
PROD00903,Decathlon Sports Item 903,Sports,415,165,10633428.80,9754569.49,23504.99
PROD00869,Yonex Sports Item 869,Sports,330,136,10575378.00,9732552.42,29492.58
PROD00355,Penguin Books Item 355,Books,367,159,10690449.43,9688401.84,26398.92
PROD00979,Penguin Books Item 979,Books,354,143,10575987.18,9678223.34,27339.61
PROD00289,Scholastic Books Item 289,Books,383,151,10393949.75,9627294.06,25136.54
PROD00475,Adidas Fashion Item 475,Fashion,396,168,10613576.16,9617883.27,24287.58
PROD00739,Cosco Sports Item 739,Sports,344,139,10449835.92,9587116.94,27869.53
PROD00042,Hamleys Toys Item 42,Toys,427,169,10394072.43,9585915.01,22449.45
PROD00473,Maybelline Beauty Item 473,Beauty,450,174,10470235.50,9580265.36,21289.48
PROD00670,Hot Wheels Toys Item 670,Toys,408,161,10339287.12,9579045.27,23478.05
PROD00528,Funskool Toys Item 528,Toys,415,162,10231978.55,9536697.07,22979.99
PROD00418,Funskool Toys Item 418,Toys,366,147,10324420.80,9528932.64,26035.34
PROD00067,Samsung Electronics Item 67,Electronics,407,165,10345773.13,9506926.48,23358.54
PROD00777,Lg Electronics Item 777,Electronics,358,137,10226116.06,9502004.18,26541.91
PROD00911,Yonex Sports Item 911,Sports,384,153,10501367.04,9501822.91,24744.33
PROD00197,Decathlon Sports Item 197,Sports,357,151,10204395.18,9488372.56,26578.07
PROD00841,Lego Toys Item 841,Toys,416,167,10414817.92,9477233.99,22781.81
PROD00238,Levi's Fashion Item 238,Fashion,407,156,10174763.94,9438531.08,23190.49
PROD00716,Harpercollins Books Item 716,Books,382,152,10086683.26,9414677.71,24645.75
PROD00510,Hot Wheels Toys Item 510,Toys,365,137,10173374.90,9397132.38,25745.57
PROD00297,Puma Fashion Item 297,Fashion,367,142,10194559.03,9361216.31,25507.4
PROD00138,Maybelline Beauty Item 138,Beauty,353,145,10051706.77,9184640.23,26018.81
PROD00997,Urban Ladder Furniture Item 997,Furniture,384,154,9916680.96,9160017.55,23854.21
PROD00360,Oxford Books Item 360,Books,364,147,9913467.20,9138637.14,25106.15
PROD00689,L'oreal Beauty Item 689,Beauty,366,149,9825218.76,9136648.05,24963.52
PROD00169,Milton Home Item 169,Home,407,158,9881036.11,9135709.69,22446.46
PROD00921,Prestige Home Item 921,Home,357,149,9892652.07,9107059.15,25509.97
PROD00340,L'oreal Beauty Item 340,Beauty,389,154,9883354.12,9088112.51,23362.76
PROD00814,Ikea Furniture Item 814,Furniture,414,167,9846770.58,9078532.28,21928.82
PROD00349,Nilkamal Furniture Item 349,Furniture,426,161,9854977.50,9059176.37,21265.67
PROD00470,L'oreal Beauty Item 470,Beauty,348,147,9792636.48,9058188.73,26029.28
PROD00456,Oxford Books Item 456,Books,383,150,9861855.51,9050762.87,23631.23
PROD00452,Adidas Fashion Item 452,Fashion,353,141,9724511.07,9009635.41,25523.05
PROD00114,Samsung Electronics Item 114,Electronics,420,173,9696309.00,8985246.14,21393.44
PROD00147,Lakme Beauty Item 147,Beauty,369,146,9765086.85,8946036.74,24244.0
PROD00688,Milton Home Item 688,Home,352,146,9645553.28,8912546.04,25319.73
PROD00090,L'oreal Beauty Item 90,Beauty,434,171,9557543.66,8874861.80,20448.99
PROD00666,Lego Toys Item 666,Toys,388,162,9738361.56,8861156.06,22838.03
PROD00892,Lego Toys Item 892,Toys,364,148,9670522.68,8860217.80,24341.26
PROD00416,Wakefit Furniture Item 416,Furniture,364,153,9623002.48,8852369.28,24319.7
PROD00165,Nivea Beauty Item 165,Beauty,335,131,9552578.60,8801204.11,26272.25
PROD00622,Hamleys Toys Item 622,Toys,393,157,9515276.70,8787708.94,22360.58
PROD00408,Boat Electronics Item 408,Electronics,373,149,9552768.72,8752436.22,23464.98
PROD00288,Scholastic Books Item 288,Books,339,142,9535398.78,8735156.65,25767.42
PROD00260,Boat Electronics Item 260,Electronics,304,130,9509451.36,8725860.07,28703.49
PROD00692,Mattel Toys Item 692,Toys,403,156,9502744.03,8721066.80,21640.36
PROD00193,Ikea Furniture Item 193,Furniture,447,176,9506223.84,8718291.88,19504.01
PROD00103,Noise Electronics Item 103,Electronics,415,159,9526569.85,8703611.84,20972.56
PROD00255,Decathlon Sports Item 255,Sports,387,156,9383480.64,8691236.79,22457.98
PROD00908,Wakefit Furniture Item 908,Furniture,387,155,9362284.65,8669185.10,22401.0
PROD00712,Cello Home Item 712,Home,325,133,9314067.75,8629125.62,26551.16
PROD00600,Ikea Furniture Item 600,Furniture,384,152,9314949.12,8579941.42,22343.6
PROD00336,Nilkamal Furniture Item 336,Furniture,406,162,9354256.24,8563982.92,21093.55
PROD00845,Cosco Sports Item 845,Sports,371,150,9363687.55,8540894.38,23021.28
PROD00363,Sony Electronics Item 363,Electronics,406,167,9222350.90,8538624.71,21031.1
PROD00660,Hot Wheels Toys Item 660,Toys,340,139,9165825.40,8505346.77,25015.73
PROD00514,Lg Electronics Item 514,Electronics,349,140,9278353.46,8504714.27,24368.81
PROD00578,Hometown Furniture Item 578,Furniture,336,135,9221046.24,8497907.58,25291.39
PROD00203,Cello Home Item 203,Home,378,158,9250506.72,8483301.99,22442.6
PROD00820,Hamleys Toys Item 820,Toys,359,135,9141109.30,8482898.38,23629.24
PROD00549,Sony Electronics Item 549,Electronics,373,143,9043974.34,8372343.99,22445.96
PROD00145,Scholastic Books Item 145,Books,380,153,8998305.00,8328167.95,21916.23
PROD00620,Pigeon Home Item 620,Home,429,165,8989163.04,8221207.72,19163.65
PROD00327,Yonex Sports Item 327,Sports,344,139,8850903.28,8214101.33,23878.2
PROD00232,Hamleys Toys Item 232,Toys,403,154,8831253.34,8163978.61,20258.01
PROD00499,Lego Toys Item 499,Toys,368,146,8835183.20,8162940.86,22181.9
PROD00813,Ikea Furniture Item 813,Furniture,372,152,8855515.80,8161595.50,21939.77
PROD00485,Wakefit Furniture Item 485,Furniture,384,158,8746287.36,8139285.74,21196.06
PROD00414,Mamaearth Beauty Item 414,Beauty,400,157,8783020.00,8123195.49,20307.99
PROD00888,Nilkamal Furniture Item 888,Furniture,349,149,8852353.59,8119307.65,23264.49
PROD00930,Noise Electronics Item 930,Electronics,421,161,8963039.48,8115702.31,19277.2
PROD00407,L'oreal Beauty Item 407,Beauty,302,132,8830196.12,8109453.24,26852.49
PROD00256,Hometown Furniture Item 256,Furniture,399,158,8712460.26,8034460.56,20136.49
PROD00694,Scholastic Books Item 694,Books,431,157,8731236.79,8034358.46,18641.2
PROD00817,Lakme Beauty Item 817,Beauty,369,145,8695746.99,8008806.59,21704.08
PROD00438,Maybelline Beauty Item 438,Beauty,391,157,8619340.85,7962419.04,20364.24
PROD00495,Mattel Toys Item 495,Toys,404,164,8626733.20,7950901.07,19680.45
PROD00174,Harpercollins Books Item 174,Books,399,155,8661116.94,7938271.80,19895.42
PROD00179,Maybelline Beauty Item 179,Beauty,402,165,8526271.26,7937704.14,19745.53
PROD00290,Philips Electronics Item 290,Electronics,362,147,8452070.12,7825169.28,21616.49
PROD00668,Allen Solly Fashion Item 668,Fashion,357,142,8403076.71,7687520.67,21533.67
PROD00458,Decathlon Sports Item 458,Sports,398,154,8246516.22,7590731.66,19072.19
PROD00878,Nivea Beauty Item 878,Beauty,360,149,8131863.60,7575056.81,21041.82
PROD00616,Philips Electronics Item 616,Electronics,301,126,8206147.95,7547747.58,25075.57
PROD00556,Harpercollins Books Item 556,Books,360,150,8204191.20,7530763.93,20918.79
PROD00493,Lego Toys Item 493,Toys,424,169,8037305.84,7459150.61,17592.34
PROD00144,Yonex Sports Item 144,Sports,324,142,8008784.28,7447675.07,22986.65
PROD00223,Sony Electronics Item 223,Electronics,375,149,7988782.50,7384830.56,19692.88
PROD00833,Oxford Books Item 833,Books,359,151,7896912.23,7320591.54,20391.62
PROD00210,Cello Home Item 210,Home,406,158,7968310.28,7304938.51,17992.46
PROD00120,Funskool Toys Item 120,Toys,410,164,7964135.20,7298838.55,17802.05
PROD00366,Lego Toys Item 366,Toys,396,156,7781542.56,7250000.36,18308.08
PROD00245,Prestige Home Item 245,Home,390,149,7871779.50,7247083.01,18582.26
PROD00099,Puma Fashion Item 99,Fashion,373,148,7834503.19,7239039.00,19407.61
PROD00968,Nike Sports Item 968,Sports,342,139,7807227.30,7199998.39,21052.63
PROD00281,Hot Wheels Toys Item 281,Toys,335,134,7856071.60,7193581.95,21473.38
PROD00732,Levi's Fashion Item 732,Fashion,424,173,7861824.96,7168352.66,16906.49
PROD00532,Harpercollins Books Item 532,Books,322,128,7780457.02,7152221.36,22211.87
PROD00113,Nivia Sports Item 113,Sports,387,154,7828692.66,7127751.43,18417.96
PROD00533,Hot Wheels Toys Item 533,Toys,306,130,7663038.66,7073285.29,23115.31
PROD00839,Oxford Books Item 839,Books,388,155,7685189.72,7047398.08,18163.4
PROD00700,Decathlon Sports Item 700,Sports,400,152,7590280.00,6977364.74,17443.41
PROD00018,Pearson Books Item 18,Books,383,142,7504632.22,6972645.92,18205.34
PROD00591,Harpercollins Books Item 591,Books,459,174,7585617.60,6969182.88,15183.4
PROD00167,Adidas Fashion Item 167,Fashion,336,142,7516793.76,6946322.91,20673.58
PROD00760,Cello Home Item 760,Home,361,147,7555257.09,6928442.81,19192.36
PROD00143,Hot Wheels Toys Item 143,Toys,370,153,7496862.30,6922440.39,18709.3
PROD00947,Sony Electronics Item 947,Electronics,435,167,7521150.00,6893523.00,15847.18
PROD00864,Hometown Furniture Item 864,Furniture,372,146,7372403.88,6875955.69,18483.75
PROD00240,Mattel Toys Item 240,Toys,397,160,7472603.96,6869337.10,17303.12
PROD00594,Harpercollins Books Item 594,Books,398,161,7512345.52,6868699.88,17258.04
PROD00767,Decathlon Sports Item 767,Sports,372,147,7323299.88,6796691.59,18270.68
PROD00876,Roadster Fashion Item 876,Fashion,379,156,7487732.45,6789338.23,17913.82
PROD00173,Levi's Fashion Item 173,Fashion,352,140,7255160.00,6735756.38,19135.67
PROD00390,Mattel Toys Item 390,Toys,393,158,7224574.02,6648262.63,16916.7
PROD00049,Harpercollins Books Item 49,Books,370,152,7034391.90,6491603.05,17544.87
PROD00279,Hot Wheels Toys Item 279,Toys,307,126,6987817.34,6481371.37,21111.96
PROD00520,Puma Fashion Item 520,Fashion,385,149,7049742.70,6454634.61,16765.28
PROD00403,Nilkamal Furniture Item 403,Furniture,352,142,7076006.08,6440773.70,18297.65
PROD00151,Wakefit Furniture Item 151,Furniture,356,138,6975780.84,6435941.64,18078.49
PROD00399,Scholastic Books Item 399,Books,341,139,7052401.73,6431955.77,18862.04
PROD00365,Nilkamal Furniture Item 365,Furniture,302,127,7067041.60,6407139.04,21215.69
PROD00702,Ikea Furniture Item 702,Furniture,426,169,6909204.54,6392635.94,15006.19
PROD00522,Cello Home Item 522,Home,364,147,6848103.08,6340139.44,17417.97
PROD00840,Lakme Beauty Item 840,Beauty,331,128,6797237.26,6330055.51,19124.03
PROD00481,Harpercollins Books Item 481,Books,350,148,6747930.00,6306422.58,18018.35
PROD00150,Wakefit Furniture Item 150,Furniture,371,147,6843577.30,6304945.18,16994.46
PROD00984,Noise Electronics Item 984,Electronics,330,146,6755096.70,6242323.32,18916.13
PROD00766,Cosco Sports Item 766,Sports,319,139,6836817.57,6238863.94,19557.57
PROD00566,Nivea Beauty Item 566,Beauty,352,143,6765725.12,6177568.49,17549.91
PROD00081,Sony Electronics Item 81,Electronics,386,160,6747009.80,6119502.73,15853.63
PROD00640,Hot Wheels Toys Item 640,Toys,392,155,6634615.68,6074396.82,15495.91
PROD00939,Yonex Sports Item 939,Sports,365,149,6577657.70,6066762.82,16621.27
PROD00128,Philips Electronics Item 128,Electronics,372,157,6576509.88,6063824.84,16300.6
PROD00894,Yonex Sports Item 894,Sports,369,144,6536067.48,6012650.69,16294.45
PROD00130,Adidas Fashion Item 130,Fashion,419,173,6445368.06,5993884.67,14305.21
PROD00404,Lakme Beauty Item 404,Beauty,391,157,6520761.74,5971250.05,15271.74
PROD00315,Urban Ladder Furniture Item 315,Furniture,394,157,6458719.86,5951366.10,15104.99
PROD00565,Pigeon Home Item 565,Home,402,155,6373119.06,5916537.28,14717.75
PROD00220,Nivea Beauty Item 220,Beauty,398,164,6467328.86,5897781.29,14818.55
PROD00509,Milton Home Item 509,Home,366,141,6306692.40,5796642.96,15837.82
PROD00010,Funskool Toys Item 10,Toys,372,142,6265748.52,5790764.50,15566.57
PROD00919,Boat Electronics Item 919,Electronics,318,140,6248060.82,5783385.74,18186.75
PROD00262,Yonex Sports Item 262,Sports,417,161,6265487.55,5759139.87,13810.89
PROD00236,Allen Solly Fashion Item 236,Fashion,370,143,6246399.20,5746687.30,15531.59
PROD00213,Wakefit Furniture Item 213,Furniture,399,164,6202231.56,5739007.22,14383.48
PROD00669,Ikea Furniture Item 669,Furniture,410,161,6248797.70,5696312.48,13893.45
PROD00618,Wakefit Furniture Item 618,Furniture,360,150,6136808.40,5688480.43,15801.33
PROD00991,Nivea Beauty Item 991,Beauty,469,180,6157880.89,5637940.57,12021.2
PROD00080,Mamaearth Beauty Item 80,Beauty,423,155,6177517.38,5610879.73,13264.49
PROD00545,Lakme Beauty Item 545,Beauty,442,163,6058657.54,5578214.12,12620.39
PROD00953,Nivia Sports Item 953,Sports,405,157,5979160.80,5553237.90,13711.7
PROD00105,Decathlon Sports Item 105,Sports,368,154,6005450.88,5488949.51,14915.62
PROD00680,Lg Electronics Item 680,Electronics,353,144,5970183.10,5432359.14,15389.12
PROD00420,Allen Solly Fashion Item 420,Fashion,356,146,5856580.92,5418982.48,15221.86
PROD00860,L'oreal Beauty Item 860,Beauty,404,161,5869566.52,5384310.28,13327.5
PROD00657,Prestige Home Item 657,Home,360,144,5861289.60,5376105.08,14933.63
PROD00250,Adidas Fashion Item 250,Fashion,391,150,5819186.53,5368980.88,13731.41
PROD00929,Nivea Beauty Item 929,Beauty,431,175,5789226.48,5347311.07,12406.75
PROD00617,Nilkamal Furniture Item 617,Furniture,481,186,5767363.16,5319523.19,11059.3
PROD00050,Yonex Sports Item 50,Sports,377,139,5718841.18,5310785.99,14086.97
PROD00503,Adidas Fashion Item 503,Fashion,354,141,5688748.14,5254057.04,14841.97
PROD00009,Noise Electronics Item 9,Electronics,365,144,5642655.45,5214431.94,14286.11
PROD00270,Oxford Books Item 270,Books,415,164,5584472.40,5174047.30,12467.58
PROD00956,Pigeon Home Item 956,Home,404,159,5633343.68,5159250.41,12770.42
PROD00204,Prestige Home Item 204,Home,420,159,5584723.20,5131961.75,12218.96
PROD00890,Yonex Sports Item 890,Sports,386,149,5530206.56,5056700.48,13100.26
PROD00983,Cosco Sports Item 983,Sports,358,146,5471002.54,5031641.25,14054.86
PROD00924,Hot Wheels Toys Item 924,Toys,359,146,5354043.43,4969268.10,13841.97
PROD00088,Decathlon Sports Item 88,Sports,346,142,5369570.54,4961420.98,14339.37
PROD00753,Lg Electronics Item 753,Electronics,345,143,5358412.35,4957696.31,14370.13
PROD00713,Nilkamal Furniture Item 713,Furniture,389,159,5370502.88,4941829.04,12703.93
PROD00715,Lego Toys Item 715,Toys,382,147,5318975.64,4937457.56,12925.28
PROD00729,Allen Solly Fashion Item 729,Fashion,369,149,5375466.54,4932609.60,13367.51
PROD00912,Funskool Toys Item 912,Toys,316,132,5317543.72,4912838.26,15546.96
PROD00488,Lakme Beauty Item 488,Beauty,362,141,5362048.98,4904349.21,13547.93
PROD00296,Hamleys Toys Item 296,Toys,407,164,5337988.15,4898620.39,12035.92
PROD00827,Cello Home Item 827,Home,414,163,5327062.20,4897294.24,11829.21
PROD00541,Roadster Fashion Item 541,Fashion,437,174,5222573.89,4851496.21,11101.82
PROD00402,Lg Electronics Item 402,Electronics,332,139,5184017.32,4805365.43,14473.99
PROD00185,Levi's Fashion Item 185,Fashion,434,176,5138069.58,4797702.13,11054.61
PROD00771,Lg Electronics Item 771,Electronics,373,149,5191201.39,4758369.35,12757.02
PROD00808,Prestige Home Item 808,Home,340,149,5112168.60,4734018.36,13923.58
PROD00527,Decathlon Sports Item 527,Sports,339,145,5111974.23,4732723.01,13960.83
PROD00306,Samsung Electronics Item 306,Electronics,357,146,5194778.40,4721864.40,13226.51
PROD00685,Scholastic Books Item 685,Books,357,139,5010762.75,4624077.68,12952.6
PROD00778,Adidas Fashion Item 778,Fashion,356,139,4940867.04,4590426.33,12894.46
PROD00553,Oxford Books Item 553,Books,363,148,4973408.55,4552792.39,12542.13
PROD00506,Nilkamal Furniture Item 506,Furniture,416,163,4914391.04,4533998.28,10899.03
PROD00387,Pigeon Home Item 387,Home,369,152,4880025.00,4518982.50,12246.57
PROD00334,Lakme Beauty Item 334,Beauty,394,160,4724221.54,4409473.39,11191.56
PROD00430,Cello Home Item 430,Home,333,134,4744161.09,4409362.84,13241.33
PROD00631,Scholastic Books Item 631,Books,440,168,4737211.60,4356619.57,9901.41
PROD00639,Bajaj Home Item 639,Home,379,160,4819879.44,4353788.12,11487.57
PROD00055,Levi's Fashion Item 55,Fashion,339,137,4738982.70,4348960.12,12828.79
PROD00672,Samsung Electronics Item 672,Electronics,329,136,4709717.25,4288133.01,13033.84
PROD00925,Hot Wheels Toys Item 925,Toys,376,148,4625285.04,4274083.20,11367.24
PROD00851,Penguin Books Item 851,Books,347,132,4637769.51,4270222.87,12306.12
PROD00231,Cosco Sports Item 231,Sports,299,131,4568642.26,4198872.57,14043.05
PROD00577,Pigeon Home Item 577,Home,343,134,4520860.05,4153128.15,12108.25
PROD00880,Pearson Books Item 880,Books,348,140,4480298.16,4127539.12,11860.74
PROD00500,Hamleys Toys Item 500,Toys,365,154,4496252.50,4126081.40,11304.33
PROD00889,Hamleys Toys Item 889,Toys,371,148,4436377.19,4109926.78,11077.97
PROD00675,Milton Home Item 675,Home,405,144,4462221.15,4109650.65,10147.29
PROD00629,Oxford Books Item 629,Books,415,166,4406876.70,4077157.23,9824.48
PROD00883,Funskool Toys Item 883,Toys,407,158,4371998.07,4033087.74,9909.31
PROD00676,Nivea Beauty Item 676,Beauty,429,169,4317507.48,3985894.74,9291.13
PROD00950,Pigeon Home Item 950,Home,369,147,4244961.24,3949884.71,10704.29
PROD00926,Lakme Beauty Item 926,Beauty,456,179,4277840.88,3911503.92,8577.86
PROD00822,Hometown Furniture Item 822,Furniture,343,143,4228479.99,3901789.75,11375.48
PROD00313,Puma Fashion Item 313,Fashion,305,129,4199642.60,3843017.20,12600.06
PROD00999,Wakefit Furniture Item 999,Furniture,393,156,4146208.95,3828121.78,9740.77
PROD00886,Pigeon Home Item 886,Home,362,144,4131429.98,3822143.20,10558.41
PROD00733,Scholastic Books Item 733,Books,286,125,4063110.48,3749853.23,13111.37
PROD00552,L'oreal Beauty Item 552,Beauty,353,143,4070125.30,3701161.97,10484.88
PROD00352,Lg Electronics Item 352,Electronics,331,139,3983187.80,3693173.22,11157.62
PROD00276,Hometown Furniture Item 276,Furniture,320,135,3982368.00,3624576.98,11326.8
PROD00319,Nilkamal Furniture Item 319,Furniture,369,150,3918008.79,3593631.63,9738.84
PROD00679,Pearson Books Item 679,Books,323,131,3782452.74,3518383.60,10892.83
PROD00121,Cosco Sports Item 121,Sports,394,161,3793810.24,3510718.81,8910.45
PROD00609,Lego Toys Item 609,Toys,416,161,3789260.80,3483660.56,8374.18
PROD00160,Oxford Books Item 160,Books,417,160,3759388.44,3436640.05,8241.34
PROD00086,Oxford Books Item 86,Books,375,151,3680906.25,3413426.93,9102.47
PROD00152,Mamaearth Beauty Item 152,Beauty,419,158,3743978.69,3412024.51,8143.26
PROD00020,Sony Electronics Item 20,Electronics,345,149,3695743.50,3408653.72,9880.16
PROD00572,Lakme Beauty Item 572,Beauty,348,153,3703106.28,3396642.28,9760.47
PROD00225,Cello Home Item 225,Home,366,148,3633051.42,3339727.08,9124.94
PROD00831,Adidas Fashion Item 831,Fashion,351,144,3582748.26,3308172.91,9424.99
PROD00897,Bajaj Home Item 897,Home,391,158,3607510.67,3305808.33,8454.75
PROD00264,Mattel Toys Item 264,Toys,298,128,3521862.34,3256540.75,10927.99
PROD00769,Funskool Toys Item 769,Toys,368,144,3540498.56,3252833.06,8839.22
PROD00019,Mattel Toys Item 19,Toys,379,159,3535092.18,3218426.30,8491.89
PROD00638,Milton Home Item 638,Home,408,161,3489024.24,3200837.62,7845.19
PROD00798,Scholastic Books Item 798,Books,368,154,3482866.08,3193731.35,8678.62
PROD00558,Lakme Beauty Item 558,Beauty,329,143,3416559.72,3161615.80,9609.77
PROD00370,Nilkamal Furniture Item 370,Furniture,352,157,3429391.68,3147830.68,8942.7
PROD00156,Lego Toys Item 156,Toys,361,137,3453762.81,3130869.57,8672.77
PROD00608,Philips Electronics Item 608,Electronics,356,148,3401398.44,3119063.25,8761.41
PROD00523,Prestige Home Item 523,Home,441,177,3394751.85,3117244.15,7068.58
PROD00362,Adidas Fashion Item 362,Fashion,322,131,3362381.96,3111247.41,9662.26
PROD00159,Milton Home Item 159,Home,349,143,3366534.27,3102227.65,8888.9
PROD00498,Cosco Sports Item 498,Sports,389,149,3286703.79,3042102.05,7820.31
PROD00927,Hot Wheels Toys Item 927,Toys,307,123,3290208.03,3024419.24,9851.53
PROD00933,Hometown Furniture Item 933,Furniture,412,162,3196613.24,2940961.70,7138.26
PROD00155,Sony Electronics Item 155,Electronics,348,137,3183183.84,2934840.66,8433.45
PROD00707,L'oreal Beauty Item 707,Beauty,352,149,3190630.08,2931844.57,8329.1
PROD00648,Milton Home Item 648,Home,398,158,3139029.98,2919376.91,7335.12
PROD00674,Adidas Fashion Item 674,Fashion,448,171,3177637.12,2913425.13,6503.18
PROD00060,Nike Sports Item 60,Sports,351,153,3135402.27,2884391.27,8217.64
PROD00975,Urban Ladder Furniture Item 975,Furniture,362,149,3088855.50,2856337.92,7890.44
PROD00047,Nilkamal Furniture Item 47,Furniture,381,151,3110411.61,2849169.82,7478.14
PROD00123,Sony Electronics Item 123,Electronics,345,142,2991857.25,2767251.02,8021.02
PROD00501,Milton Home Item 501,Home,423,157,3038468.22,2761558.13,6528.51
PROD00584,Hometown Furniture Item 584,Furniture,389,149,2955867.07,2729807.83,7017.5
PROD00391,Lego Toys Item 391,Toys,500,190,2916280.00,2692018.08,5384.04
PROD00073,Nike Sports Item 73,Sports,360,149,2841908.40,2660736.54,7390.93
PROD00263,Hot Wheels Toys Item 263,Toys,393,152,2827289.16,2632688.21,6698.95
PROD00735,Roadster Fashion Item 735,Fashion,409,164,2827179.78,2616351.05,6396.95
PROD00923,Hot Wheels Toys Item 923,Toys,344,139,2810510.96,2607892.75,7581.08
PROD00770,Hamleys Toys Item 770,Toys,337,136,2793682.82,2581462.35,7660.13
PROD00041,Hometown Furniture Item 41,Furniture,379,148,2778403.52,2558477.14,6750.6
PROD00322,Hot Wheels Toys Item 322,Toys,389,155,2731425.74,2515509.63,6466.61
PROD00832,Pigeon Home Item 832,Home,320,128,2691772.80,2489469.07,7779.59
PROD00454,Oxford Books Item 454,Books,365,147,2691772.80,2485280.67,6808.99
PROD00988,Nivia Sports Item 988,Sports,402,162,2702388.72,2459711.56,6118.69
PROD00711,Levi's Fashion Item 711,Fashion,393,156,2662189.86,2420018.69,6157.81
PROD00994,Nivea Beauty Item 994,Beauty,394,147,2590459.38,2405708.31,6105.86
PROD00815,Noise Electronics Item 815,Electronics,352,139,2594289.28,2381660.78,6766.08
PROD00821,Nivia Sports Item 821,Sports,335,133,2580273.85,2353055.67,7024.05
PROD00282,L'oreal Beauty Item 282,Beauty,421,160,2507960.15,2327756.27,5529.11
PROD00652,Roadster Fashion Item 652,Fashion,351,140,2530369.53,2298599.29,6548.72
PROD00623,Nike Sports Item 623,Sports,438,163,2500016.40,2293394.04,5236.06
PROD00633,Decathlon Sports Item 633,Sports,319,136,2483622.35,2290148.81,7179.15
PROD00848,Nivia Sports Item 848,Sports,379,152,2402719.77,2235036.64,5897.19
PROD00001,Lg Electronics Item 1,Electronics,356,141,2393505.48,2210967.01,6210.58
PROD00014,Roadster Fashion Item 14,Fashion,321,129,2360983.89,2194391.13,6836.11
PROD00487,Hamleys Toys Item 487,Toys,312,127,2327657.28,2162408.50,6930.8
PROD00161,Puma Fashion Item 161,Fashion,409,161,2300244.63,2137146.70,5225.3
PROD00226,Puma Fashion Item 226,Fashion,409,155,2304461.42,2119371.95,5181.84
PROD00006,Lego Toys Item 6,Toys,361,149,2325190.17,2109417.64,5843.26
PROD00093,Hot Wheels Toys Item 93,Toys,373,153,2228902.53,2059494.12,5521.43
PROD00195,Lg Electronics Item 195,Electronics,431,173,2214421.97,2044872.35,4744.48
PROD00946,Bajaj Home Item 946,Home,409,156,2122840.88,1943515.35,4751.87
PROD00966,Yonex Sports Item 966,Sports,344,145,2035719.76,1918547.40,5577.17
PROD00307,Nilkamal Furniture Item 307,Furniture,325,140,2076509.50,1917416.84,5899.74
PROD00763,Hometown Furniture Item 763,Furniture,383,142,2061409.41,1899134.04,4958.57
PROD00932,Ikea Furniture Item 932,Furniture,413,168,2017277.85,1849496.85,4478.2
PROD00063,Milton Home Item 63,Home,378,160,1961695.26,1807043.15,4780.54
PROD00131,Nivea Beauty Item 131,Beauty,356,149,1939256.60,1776108.33,4989.07
PROD00931,Philips Electronics Item 931,Electronics,444,171,1902029.40,1729175.89,3894.54
PROD00982,Noise Electronics Item 982,Electronics,384,149,1850676.48,1717177.15,4471.82
PROD00405,Maybelline Beauty Item 405,Beauty,386,154,1880904.66,1713036.49,4437.92
PROD00118,Scholastic Books Item 118,Books,399,157,1790712.00,1642832.40,4117.37
PROD00016,Hamleys Toys Item 16,Toys,416,163,1775662.72,1639073.32,3940.08
PROD00032,Bajaj Home Item 32,Home,358,151,1718815.28,1602147.10,4475.27
PROD00084,Samsung Electronics Item 84,Electronics,391,157,1698281.13,1531059.16,3915.75
PROD00969,Urban Ladder Furniture Item 969,Furniture,403,160,1656321.94,1524186.01,3782.1
PROD00208,Scholastic Books Item 208,Books,356,141,1656880.96,1511671.12,4246.27
PROD00734,Boat Electronics Item 734,Electronics,362,141,1625723.90,1497282.59,4136.14
PROD00756,Nivea Beauty Item 756,Beauty,411,158,1418887.08,1305307.09,3175.93
PROD00085,Nilkamal Furniture Item 85,Furniture,421,159,1420702.39,1294998.76,3076.01
PROD00341,Milton Home Item 341,Home,445,182,1382018.70,1273009.91,2860.7
PROD00379,Hamleys Toys Item 379,Toys,353,148,1318779.76,1213800.41,3438.53
PROD00101,Cello Home Item 101,Home,382,150,1309007.04,1206890.83,3159.4
PROD00941,Scholastic Books Item 941,Books,382,145,1251191.34,1153912.78,3020.71
PROD00293,Hamleys Toys Item 293,Toys,357,144,1210019.37,1096135.32,3070.41
PROD00170,Hometown Furniture Item 170,Furniture,363,147,1176443.07,1087966.76,2997.15
PROD00784,Mamaearth Beauty Item 784,Beauty,391,164,1164558.31,1074759.37,2748.75
PROD00045,Nike Sports Item 45,Sports,393,157,1140733.59,1045237.10,2659.64
PROD00196,Harpercollins Books Item 196,Books,381,163,1145693.67,1043453.36,2738.72
PROD00224,Harpercollins Books Item 224,Books,400,158,1051988.00,974666.81,2436.67
PROD00582,Lg Electronics Item 582,Electronics,386,149,1028029.94,937078.59,2427.66
PROD00726,Ikea Furniture Item 726,Furniture,419,157,994115.21,907634.14,2166.19
PROD00040,Puma Fashion Item 40,Fashion,420,162,970699.80,898012.79,2138.13
PROD00324,Funskool Toys Item 324,Toys,338,133,963692.08,886425.63,2622.56
PROD00844,Cello Home Item 844,Home,336,137,939167.04,867611.48,2582.18
PROD00415,Hamleys Toys Item 415,Toys,393,154,909555.27,834800.34,2124.17
PROD00053,Adidas Fashion Item 53,Fashion,330,129,854574.60,799286.21,2422.08
PROD00559,Allen Solly Fashion Item 559,Fashion,432,173,865836.00,796588.99,1843.96
PROD00136,Wakefit Furniture Item 136,Furniture,428,162,861388.52,792356.50,1851.3
PROD00443,Noise Electronics Item 443,Electronics,339,139,854605.44,786287.44,2319.43
PROD00343,Bajaj Home Item 343,Home,383,153,857452.74,781893.83,2041.5
PROD00207,Pigeon Home Item 207,Home,371,152,841906.59,766793.05,2066.83
PROD00920,Nike Sports Item 920,Sports,359,142,810876.89,754860.89,2102.68
PROD00977,Nivia Sports Item 977,Sports,455,170,814299.85,753988.04,1657.12
PROD00052,Roadster Fashion Item 52,Fashion,412,154,789309.60,738828.27,1793.27
PROD00928,Bajaj Home Item 928,Home,394,158,790895.90,735492.88,1866.73
PROD00465,Yonex Sports Item 465,Sports,353,138,775735.15,712555.47,2018.57
PROD00810,Ikea Furniture Item 810,Furniture,397,157,748452.19,687086.76,1730.7
PROD00779,Nivea Beauty Item 779,Beauty,367,143,732418.23,669753.54,1824.94
PROD00132,Yonex Sports Item 132,Sports,361,142,703816.43,648641.92,1796.79
PROD00721,Milton Home Item 721,Home,316,147,686115.00,643666.92,2036.92
PROD00097,Lego Toys Item 97,Toys,406,157,688003.54,633776.51,1561.03
PROD00286,Maybelline Beauty Item 286,Beauty,345,138,688150.80,632500.40,1833.33
PROD00451,Nilkamal Furniture Item 451,Furniture,13,5,722565.61,628076.26,48313.56
PROD00517,Nivia Sports Item 517,Sports,357,151,668860.92,621085.18,1739.73
PROD00740,Allen Solly Fashion Item 740,Fashion,352,141,663583.36,613814.50,1743.79
PROD00015,Allen Solly Fashion Item 15,Fashion,337,144,656058.12,612937.38,1818.81
PROD00215,Noise Electronics Item 215,Electronics,393,153,660915.96,604662.42,1538.58
PROD00515,Hot Wheels Toys Item 515,Toys,403,170,628285.06,572394.26,1420.33
PROD00835,Philips Electronics Item 835,Electronics,11,4,635223.82,565926.68,51447.88
PROD00395,Cello Home Item 395,Home,337,136,598687.24,560047.90,1661.86
PROD00571,Cello Home Item 571,Home,443,175,570216.31,522977.08,1180.54
PROD00917,Noise Electronics Item 917,Electronics,9,4,578809.98,504850.93,56094.55
PROD00100,Cello Home Item 100,Home,361,145,545741.75,504773.24,1398.26
PROD00505,Levi's Fashion Item 505,Fashion,8,2,521458.56,482349.17,60293.65
PROD00887,Penguin Books Item 887,Books,384,158,509783.04,471615.68,1228.17
PROD00497,Mamaearth Beauty Item 497,Beauty,11,3,487798.41,465625.76,42329.61
PROD00304,L'oreal Beauty Item 304,Beauty,413,165,479666.46,444127.11,1075.37
PROD00768,Pigeon Home Item 768,Home,7,2,454885.97,435390.86,62198.69
PROD00227,Prestige Home Item 227,Home,383,147,461193.28,430306.58,1123.52
PROD00720,Philips Electronics Item 720,Electronics,406,159,423104.78,393820.84,970.0
PROD00842,Wakefit Furniture Item 842,Furniture,398,163,358108.46,331520.19,832.97
PROD00371,Cello Home Item 371,Home,369,148,357188.31,328826.07,891.13
PROD00724,Adidas Fashion Item 724,Fashion,8,3,365309.76,328778.78,41097.35
PROD00682,Harpercollins Books Item 682,Books,338,133,348183.94,322070.08,952.87
PROD00857,Urban Ladder Furniture Item 857,Furniture,7,4,345955.75,306417.94,43773.99
PROD00581,Lakme Beauty Item 581,Beauty,6,2,314970.24,304471.23,50745.21
PROD00300,Lg Electronics Item 300,Electronics,7,3,328262.55,300125.76,42875.11
PROD00573,Wakefit Furniture Item 573,Furniture,399,149,317053.38,290076.03,727.01
PROD00253,Cello Home Item 253,Home,371,147,294373.66,272077.41,733.36
PROD00521,Mattel Toys Item 521,Toys,8,2,297627.76,269725.16,33715.65
PROD00011,Nilkamal Furniture Item 11,Furniture,6,2,289475.28,255703.16,42617.19
PROD00870,Pearson Books Item 870,Books,406,151,252950.18,232919.87,573.69
PROD00317,Yonex Sports Item 317,Sports,5,1,287268.75,229815.00,45963.0
PROD00281,Hot Wheels Toys Item 281,Toys,13,4,264875.65,226163.05,17397.16
PROD00604,Mamaearth Beauty Item 604,Beauty,4,1,257519.44,218891.52,54722.88
PROD00816,Puma Fashion Item 816,Fashion,316,129,236772.48,218677.36,692.02
PROD00377,Adidas Fashion Item 377,Fashion,380,153,236002.80,218582.01,575.22
PROD00567,Lego Toys Item 567,Toys,365,158,234855.60,217579.23,596.11
PROD00452,Adidas Fashion Item 452,Fashion,9,3,242548.02,216945.73,24105.08
PROD00003,Wakefit Furniture Item 3,Furniture,6,3,231810.48,208629.43,34771.57
PROD00995,Nilkamal Furniture Item 995,Furniture,3,2,216756.09,184242.68,61414.23
PROD00129,Roadster Fashion Item 129,Fashion,6,2,219665.40,175732.32,29288.72
PROD00698,Boat Electronics Item 698,Electronics,4,2,162430.48,158369.72,39592.43
PROD00754,Levi's Fashion Item 754,Fashion,349,139,158770.57,146510.12,419.8
PROD00256,Hometown Furniture Item 256,Furniture,8,3,154656.00,145956.60,18244.58
PROD00666,Lego Toys Item 666,Toys,6,2,150929.16,140867.21,23477.87
PROD00612,Ikea Furniture Item 612,Furniture,2,1,124364.46,111928.01,55964.01
PROD00605,Nivia Sports Item 605,Sports,2,1,124195.00,111775.50,55887.75
PROD00274,Harpercollins Books Item 274,Books,396,157,118815.84,109529.63,276.59
PROD00201,L'oreal Beauty Item 201,Beauty,3,1,94001.40,75201.12,25067.04
PROD00370,Nilkamal Furniture Item 370,Furniture,8,2,73462.64,67952.94,8494.12
PROD00058,Urban Ladder Furniture Item 58,Furniture,2,2,68929.90,65483.40,32741.7
PROD00250,Adidas Fashion Item 250,Fashion,4,2,65933.36,52746.69,13186.67
PROD00880,Pearson Books Item 880,Books,5,2,57629.45,47832.45,9566.49
PROD00013,Puma Fashion Item 13,Fashion,413,154,42402.71,39338.09,95.25
PROD00769,Funskool Toys Item 769,Toys,5,2,45422.50,39063.35,7812.67
PROD00713,Nilkamal Furniture Item 713,Furniture,3,1,39832.26,33857.42,11285.81
PROD00099,Puma Fashion Item 99,Fashion,2,1,37267.06,33540.35,16770.18
PROD00066,Roadster Fashion Item 66,Fashion,1,1,31032.59,24826.07,24826.07
PROD00515,Hot Wheels Toys Item 515,Toys,4,1,7127.08,6414.37,1603.59
PROD00377,Adidas Fashion Item 377,Fashion,9,2,6119.64,5609.67,623.3
PROD00559,Allen Solly Fashion Item 559,Fashion,2,1,3478.90,3478.90,1739.45
