dimension,business_key,customer_full_name,city,state,customer_segment,email,effective_from,effective_to,is_current,record_version,product_name,category,brand,price
dim_customer,CUST000005,Upkaar Dara,Bulandshahr,Manipur,Regular,ikala@gmail.com,1900-01-01,2026-07-20,False,1,,,,
dim_customer,CUST000005,Upkaar Dara,Bulandshahr,Manipur,Silver,ikala@gmail.com,2026-07-21,,True,2,,,,
dim_customer,CUST000079,Baghyawati Kaul,Giridih,Uttarakhand,Regular,elijah56@hotmail.com,1900-01-01,2026-07-20,False,1,,,,
dim_customer,CUST000079,Baghyawati Kaul,Giridih,Uttarakhand,Silver,elijah56@hotmail.com,2026-07-21,,True,2,,,,
dim_customer,CUST000146,Krishna Loke,Buxar,Uttar Pradesh,Regular,bhanumatikrishnamurthy@gmail.com,1900-01-01,2026-07-20,False,1,,,,
dim_customer,CUST000146,Krishna Loke,Buxar,Uttar Pradesh,Silver,bhanumatikrishnamurthy@gmail.com,2026-07-21,,True,2,,,,
dim_customer,CUST000154,Manbir Dugar,Proddatur,Tripura,Regular,sahnichaitanya@gmail.com,1900-01-01,2026-07-20,False,1,,,,
dim_customer,CUST000154,Manbir Dugar,Latur,Rajasthan,Regular,sahnichaitanya@gmail.com,2026-07-21,,True,2,,,,
dim_customer,CUST000162,Tejas Kuruvilla,Deoghar,Odisha,Regular,bishakha81@hotmail.com,1900-01-01,2026-07-20,False,1,,,,
dim_customer,CUST000162,Tejas Kuruvilla,Deoghar,Odisha,Silver,bishakha81@hotmail.com,2026-07-21,,True,2,,,,
dim_customer,CUST000173,Siddharth Kamdar,Deoghar,West Bengal,Regular,maanav57@hotmail.com,1900-01-01,2026-07-20,False,1,,,,
dim_customer,CUST000173,Siddharth Kamdar,Deoghar,West Bengal,Silver,maanav57@hotmail.com,2026-07-21,,True,2,,,,
dim_customer,CUST000195,Kalpit Sethi,Raiganj,Andhra Pradesh,Regular,yohannanazaan@hotmail.com,1900-01-01,2026-07-20,False,1,,,,
dim_customer,CUST000195,Kalpit Sethi,Raiganj,Andhra Pradesh,Silver,yohannanazaan@hotmail.com,2026-07-21,,True,2,,,,
dim_customer,CUST000196,Meera Parmar,Karaikudi,Manipur,Regular,rishigill@gmail.com,1900-01-01,2026-07-20,False,1,,,,
dim_customer,CUST000196,Meera Parmar,Karaikudi,Manipur,Silver,rishigill@gmail.com,2026-07-21,,True,2,,,,
dim_customer,CUST000214,Sachi Sheth,Arrah,Tamil Nadu,Regular,leena74@hotmail.com,1900-01-01,2026-07-20,False,1,,,,
dim_customer,CUST000214,Sachi Sheth,Arrah,Tamil Nadu,Silver,leena74@hotmail.com,2026-07-21,,True,2,,,,
dim_customer,CUST000219,Jagvi Garde,Mau,Telangana,Regular,ozakrishna@hotmail.com,1900-01-01,2026-07-20,False,1,,,,
dim_customer,CUST000219,Jagvi Garde,Gulbarga,Gujarat,Regular,ozakrishna@hotmail.com,2026-07-21,,True,2,,,,
dim_customer,CUST000276,Anya Keer,Thrissur,Madhya Pradesh,Regular,nikita57@yahoo.com,1900-01-01,2026-07-20,False,1,,,,
dim_customer,CUST000276,Anya Keer,Thrissur,Madhya Pradesh,Silver,nikita57@yahoo.com,2026-07-21,,True,2,,,,
dim_customer,CUST000371,Zayan Tata,Kirari Suleman Nagar,Tamil Nadu,Regular,cdin@hotmail.com,1900-01-01,2026-07-20,False,1,,,,
dim_customer,CUST000371,Zayan Tata,Kirari Suleman Nagar,Tamil Nadu,Silver,cdin@hotmail.com,2026-07-21,,True,2,,,,
dim_customer,CUST000381,Jacob Ramachandran,Bidhannagar,Karnataka,Silver,janakichatterjee@yahoo.com,1900-01-01,2026-07-20,False,1,,,,
dim_customer,CUST000381,Jacob Ramachandran,Bhimavaram,West Bengal,Silver,janakichatterjee@yahoo.com,2026-07-21,,True,2,,,,
dim_customer,CUST000403,Lakshmi Oak,Meerut,Bihar,Regular,wablesara@gmail.com,1900-01-01,2026-07-20,False,1,,,,
dim_customer,CUST000403,Lakshmi Oak,Meerut,Bihar,Silver,wablesara@gmail.com,2026-07-21,,True,2,,,,
dim_customer,CUST000447,Jonathan Puri,Varanasi,Uttarakhand,Silver,zbalan@gmail.com,1900-01-01,2026-07-20,False,1,,,,
dim_customer,CUST000447,Jonathan Puri,Varanasi,Uttarakhand,Gold,zbalan@gmail.com,2026-07-21,,True,2,,,,
dim_customer,CUST000450,Ojasvi Chaudhry,Srikakulam,Assam,Regular,ydutta@hotmail.com,1900-01-01,2026-07-20,False,1,,,,
dim_customer,CUST000450,Ojasvi Chaudhry,Srikakulam,Assam,Silver,ydutta@hotmail.com,2026-07-21,,True,2,,,,
dim_customer,CUST000460,Sneha Sangha,Nadiad,Karnataka,Regular,anshagate@yahoo.com,1900-01-01,2026-07-20,False,1,,,,
dim_customer,CUST000460,Sneha Sangha,Nadiad,Karnataka,Silver,anshagate@yahoo.com,2026-07-21,,True,2,,,,
dim_customer,CUST000471,Nitara More,Mehsana,Gujarat,Regular,jchanda@yahoo.com,1900-01-01,2026-07-20,False,1,,,,
dim_customer,CUST000471,Nitara More,Mehsana,Gujarat,Silver,jchanda@yahoo.com,2026-07-21,,True,2,,,,
dim_customer,CUST000507,Yashvi Bedi,Vadodara,Bihar,Regular,shauryarandhawa@gmail.com,1900-01-01,2026-07-20,False,1,,,,
dim_customer,CUST000507,Yashvi Bedi,Allahabad,Meghalaya,Regular,shauryarandhawa@gmail.com,2026-07-21,,True,2,,,,
dim_customer,CUST000536,Saksham Konda,Phusro,Meghalaya,Regular,urmi38@yahoo.com,1900-01-01,2026-07-20,False,1,,,,
dim_customer,CUST000536,Saksham Konda,Sikar,Goa,Regular,urmi38@yahoo.com,2026-07-21,,True,2,,,,
dim_customer,CUST000552,Warjas Sarin,Bally,Uttarakhand,Regular,jharudra@yahoo.com,1900-01-01,2026-07-20,False,1,,,,
dim_customer,CUST000552,Warjas Sarin,Serampore,Kerala,Regular,jharudra@yahoo.com,2026-07-21,,True,2,,,,
dim_customer,CUST000562,Dayamai Garg,Vellore,Punjab,Regular,lakshmi24@yahoo.com,1900-01-01,2026-07-20,False,1,,,,
dim_customer,CUST000562,Dayamai Garg,Vellore,Punjab,Silver,lakshmi24@yahoo.com,2026-07-21,,True,2,,,,
dim_customer,CUST000568,Maanav Ahuja,Hazaribagh,Meghalaya,Regular,tanejainaya@gmail.com,1900-01-01,2026-07-20,False,1,,,,
dim_customer,CUST000568,Maanav Ahuja,Hazaribagh,Meghalaya,Silver,tanejainaya@gmail.com,2026-07-21,,True,2,,,,
dim_customer,CUST000597,Finn Karan,Delhi,Karnataka,Platinum,lopa21@yahoo.com,1900-01-01,2026-07-20,False,1,,,,
dim_customer,CUST000597,Finn Karan,Mehsana,Bihar,Platinum,lopa21@yahoo.com,2026-07-21,,True,2,,,,
dim_customer,CUST000616,Dalaja Ahluwalia,Secunderabad,Punjab,Regular,veerdhar@hotmail.com,1900-01-01,2026-07-20,False,1,,,,
dim_customer,CUST000616,Dalaja Ahluwalia,Secunderabad,Punjab,Silver,veerdhar@hotmail.com,2026-07-21,,True,2,,,,
dim_customer,CUST000617,Aadi Mahajan,Srinagar,Andhra Pradesh,Regular,abhimanyusarkar@yahoo.com,1900-01-01,2026-07-20,False,1,,,,
dim_customer,CUST000617,Aadi Mahajan,Srinagar,Andhra Pradesh,Silver,abhimanyusarkar@yahoo.com,2026-07-21,,True,2,,,,
dim_customer,CUST000626,Balendra Devi,Pudukkottai,Gujarat,Silver,yatan98@hotmail.com,1900-01-01,2026-07-20,False,1,,,,
dim_customer,CUST000626,Balendra Devi,Pudukkottai,Gujarat,Gold,yatan98@hotmail.com,2026-07-21,,True,2,,,,
dim_customer,CUST000641,Oviya Mallick,Motihari,Gujarat,Regular,lakshsanghvi@hotmail.com,1900-01-01,2026-07-20,False,1,,,,
dim_customer,CUST000641,Oviya Mallick,Motihari,Gujarat,Silver,lakshsanghvi@hotmail.com,2026-07-21,,True,2,,,,
dim_customer,CUST000663,Jagvi Vora,Sagar,Kerala,Silver,farajsinghal@hotmail.com,1900-01-01,2026-07-20,False,1,,,,
dim_customer,CUST000663,Jagvi Vora,Kochi,West Bengal,Silver,farajsinghal@hotmail.com,2026-07-21,,True,2,,,,
dim_customer,CUST000677,Radhika Sama,Srikakulam,Andhra Pradesh,Silver,fsandal@hotmail.com,1900-01-01,2026-07-20,False,1,,,,
dim_customer,CUST000677,Radhika Sama,Srikakulam,Andhra Pradesh,Gold,fsandal@hotmail.com,2026-07-21,,True,2,,,,
dim_customer,CUST000688,Xavier Rout,Rajkot,Tamil Nadu,Silver,sai17@yahoo.com,1900-01-01,2026-07-20,False,1,,,,
dim_customer,CUST000688,Xavier Rout,Rajkot,Tamil Nadu,Gold,sai17@yahoo.com,2026-07-21,,True,2,,,,
dim_customer,CUST000724,Watika Varghese,Bhatpara,Tamil Nadu,Regular,pallabalendra@hotmail.com,1900-01-01,2026-07-20,False,1,,,,
dim_customer,CUST000724,Watika Varghese,Bhatpara,Tamil Nadu,Silver,pallabalendra@hotmail.com,2026-07-21,,True,2,,,,
dim_customer,CUST000736,Pranav Natt,Noida,Bihar,Gold,yagnesh00@yahoo.com,1900-01-01,2026-07-20,False,1,,,,
dim_customer,CUST000736,Pranav Natt,Noida,Bihar,Platinum,yagnesh00@yahoo.com,2026-07-21,,True,2,,,,
dim_customer,CUST000758,Urmi Soni,Satna,Jharkhand,Regular,duttaoscar@yahoo.com,1900-01-01,2026-07-20,False,1,,,,
dim_customer,CUST000758,Urmi Soni,Satna,Jharkhand,Silver,duttaoscar@yahoo.com,2026-07-21,,True,2,,,,
dim_customer,CUST000767,Udant Mody,Nandyal,Karnataka,Regular,champak45@gmail.com,1900-01-01,2026-07-20,False,1,,,,
dim_customer,CUST000767,Udant Mody,Nandyal,Karnataka,Silver,champak45@gmail.com,2026-07-21,,True,2,,,,
dim_customer,CUST000771,Mohammed Gill,Burhanpur,Andhra Pradesh,Regular,imemon@yahoo.com,1900-01-01,2026-07-20,False,1,,,,
dim_customer,CUST000771,Mohammed Gill,Burhanpur,Andhra Pradesh,Silver,imemon@yahoo.com,2026-07-21,,True,2,,,,
dim_customer,CUST000877,Unnati Dar,Karnal,Mizoram,Regular,jyotibhasin@hotmail.com,1900-01-01,2026-07-20,False,1,,,,
dim_customer,CUST000877,Unnati Dar,Karnal,Mizoram,Silver,jyotibhasin@hotmail.com,2026-07-21,,True,2,,,,
dim_customer,CUST000911,Avni Batra,Phusro,Kerala,Gold,liampalla@gmail.com,1900-01-01,2026-07-20,False,1,,,,
dim_customer,CUST000911,Avni Batra,Gangtok,Odisha,Gold,liampalla@gmail.com,2026-07-21,,True,2,,,,
dim_customer,CUST000919,Hemani Kalla,Dibrugarh,Bihar,Regular,alka94@yahoo.com,1900-01-01,2026-07-20,False,1,,,,
dim_customer,CUST000919,Hemani Kalla,Phusro,Odisha,Regular,alka94@yahoo.com,2026-07-21,,True,2,,,,
dim_customer,CUST000941,Darika Narang,Kanpur,Bihar,Gold,bandigautam@hotmail.com,1900-01-01,2026-07-20,False,1,,,,
dim_customer,CUST000941,Darika Narang,Tadipatri,Karnataka,Gold,bandigautam@hotmail.com,2026-07-21,,True,2,,,,
dim_customer,CUST000973,Ira Luthra,Barasat,Nagaland,Regular,madanhritik@gmail.com,1900-01-01,2026-07-20,False,1,,,,
dim_customer,CUST000973,Ira Luthra,Dehradun,Tripura,Regular,madanhritik@gmail.com,2026-07-21,,True,2,,,,
dim_customer,CUST000974,Suhani Varma,Aligarh,Tripura,Silver,aryan50@hotmail.com,1900-01-01,2026-07-20,False,1,,,,
dim_customer,CUST000974,Suhani Varma,Amritsar,Bihar,Silver,aryan50@hotmail.com,2026-07-21,,True,2,,,,
dim_customer,CUST001001,Jason Dada,Medininagar,Uttar Pradesh,Regular,gautami84@gmail.com,1900-01-01,2026-07-20,False,1,,,,
dim_customer,CUST001001,Jason Dada,Solapur,Uttar Pradesh,Regular,gautami84@gmail.com,2026-07-21,,True,2,,,,
dim_customer,CUST001034,Nakul Sawhney,Maheshtala,Uttarakhand,Regular,forum90@yahoo.com,1900-01-01,2026-07-20,False,1,,,,
dim_customer,CUST001034,Nakul Sawhney,Kota,Nagaland,Regular,forum90@yahoo.com,2026-07-21,,True,2,,,,
dim_customer,CUST001074,Zaitra Ben,Gurgaon,Uttar Pradesh,Regular,hritik98@hotmail.com,1900-01-01,2026-07-20,False,1,,,,
dim_customer,CUST001074,Zaitra Ben,Durgapur,Arunachal Pradesh,Regular,hritik98@hotmail.com,2026-07-21,,True,2,,,,
dim_customer,CUST001096,Daksha Jhaveri,Hyderabad,Andhra Pradesh,Regular,warjasbedi@gmail.com,1900-01-01,2026-07-20,False,1,,,,
dim_customer,CUST001096,Daksha Jhaveri,Hyderabad,Andhra Pradesh,Silver,warjasbedi@gmail.com,2026-07-21,,True,2,,,,
dim_customer,CUST001117,Varsha Narasimhan,Ramagundam,Rajasthan,Regular,dayitasaran@hotmail.com,1900-01-01,2026-07-20,False,1,,,,
dim_customer,CUST001117,Varsha Narasimhan,Bikaner,Manipur,Regular,dayitasaran@hotmail.com,2026-07-21,,True,2,,,,
dim_customer,CUST001126,Krisha Gole,Cuttack,Uttarakhand,Regular,borrayochana@hotmail.com,1900-01-01,2026-07-20,False,1,,,,
dim_customer,CUST001126,Krisha Gole,Cuttack,Uttarakhand,Silver,borrayochana@hotmail.com,2026-07-21,,True,2,,,,
dim_customer,CUST001145,Ucchal Krishnamurthy,Nanded,Uttar Pradesh,Regular,darayasti@gmail.com,1900-01-01,2026-07-20,False,1,,,,
dim_customer,CUST001145,Ucchal Krishnamurthy,Nanded,Uttar Pradesh,Silver,darayasti@gmail.com,2026-07-21,,True,2,,,,
dim_customer,CUST001149,Advay Tak,Nadiad,West Bengal,Regular,kashvi68@gmail.com,1900-01-01,2026-07-20,False,1,,,,
dim_customer,CUST001149,Advay Tak,Anantapuram,Rajasthan,Regular,kashvi68@gmail.com,2026-07-21,,True,2,,,,
dim_customer,CUST001179,Kiaan Bava,Chandrapur,West Bengal,Regular,vbahl@gmail.com,1900-01-01,2026-07-20,False,1,,,,
dim_customer,CUST001179,Kiaan Bava,Chandrapur,West Bengal,Silver,vbahl@gmail.com,2026-07-21,,True,2,,,,
dim_customer,CUST001180,Varenya Maharaj,Chapra,Andhra Pradesh,Gold,bhatiayauvani@yahoo.com,1900-01-01,2026-07-20,False,1,,,,
dim_customer,CUST001180,Varenya Maharaj,Chapra,Andhra Pradesh,Platinum,bhatiayauvani@yahoo.com,2026-07-21,,True,2,,,,
dim_customer,CUST001194,Chanchal Gill,Bihar Sharif,Meghalaya,Regular,kaleyasti@gmail.com,1900-01-01,2026-07-20,False,1,,,,
dim_customer,CUST001194,Chanchal Gill,Bihar Sharif,Meghalaya,Silver,kaleyasti@gmail.com,2026-07-21,,True,2,,,,
dim_customer,CUST001219,Warda Pingle,Asansol,Sikkim,Regular,keertristan@yahoo.com,1900-01-01,2026-07-20,False,1,,,,
dim_customer,CUST001219,Warda Pingle,Asansol,Sikkim,Silver,keertristan@yahoo.com,2026-07-21,,True,2,,,,
dim_customer,CUST001226,Yashvi Mitter,Kamarhati,Manipur,Gold,zansisaraf@gmail.com,1900-01-01,2026-07-20,False,1,,,,
dim_customer,CUST001226,Yashvi Mitter,Karaikudi,Maharashtra,Gold,zansisaraf@gmail.com,2026-07-21,,True,2,,,,
dim_customer,CUST001228,Reyansh Kuruvilla,Rampur,Chhattisgarh,Regular,chandran39@yahoo.com,1900-01-01,2026-07-20,False,1,,,,
dim_customer,CUST001228,Reyansh Kuruvilla,Rampur,Chhattisgarh,Silver,chandran39@yahoo.com,2026-07-21,,True,2,,,,
dim_customer,CUST001253,Henry Kara,Bulandshahr,Himachal Pradesh,Regular,wablejason@gmail.com,1900-01-01,2026-07-20,False,1,,,,
dim_customer,CUST001253,Henry Kara,Bulandshahr,Himachal Pradesh,Silver,wablejason@gmail.com,2026-07-21,,True,2,,,,
dim_customer,CUST001267,Maanas Thakur,Patna,Tamil Nadu,Regular,damyanti82@gmail.com,1900-01-01,2026-07-20,False,1,,,,
dim_customer,CUST001267,Maanas Thakur,Tumkur,Manipur,Regular,damyanti82@gmail.com,2026-07-21,,True,2,,,,
dim_customer,CUST001273,Triveni Tank,Saharanpur,Bihar,Gold,dalajanath@hotmail.com,1900-01-01,2026-07-20,False,1,,,,
dim_customer,CUST001273,Triveni Tank,Saharanpur,Bihar,Platinum,dalajanath@hotmail.com,2026-07-21,,True,2,,,,
dim_customer,CUST001344,Arin Nair,Khora,Maharashtra,Regular,adeol@hotmail.com,1900-01-01,2026-07-20,False,1,,,,
dim_customer,CUST001344,Arin Nair,Khora,Maharashtra,Silver,adeol@hotmail.com,2026-07-21,,True,2,,,,
dim_customer,CUST001383,Parth Kalla,Gaya,Andhra Pradesh,Regular,aishani72@hotmail.com,1900-01-01,2026-07-20,False,1,,,,
dim_customer,CUST001383,Parth Kalla,Gaya,Andhra Pradesh,Silver,aishani72@hotmail.com,2026-07-21,,True,2,,,,
dim_customer,CUST001441,Upkaar Bora,Pondicherry,Uttar Pradesh,Gold,vorabhavani@hotmail.com,1900-01-01,2026-07-20,False,1,,,,
dim_customer,CUST001441,Upkaar Bora,Pondicherry,Uttar Pradesh,Platinum,vorabhavani@hotmail.com,2026-07-21,,True,2,,,,
dim_customer,CUST001537,Vedant Vala,Jamshedpur,Karnataka,Gold,kkumar@yahoo.com,1900-01-01,2026-07-20,False,1,,,,
dim_customer,CUST001537,Vedant Vala,Jamshedpur,Karnataka,Platinum,kkumar@yahoo.com,2026-07-21,,True,2,,,,
dim_customer,CUST001548,Jeet Chaudhari,Hospet,Andhra Pradesh,Regular,vincentdivan@gmail.com,1900-01-01,2026-07-20,False,1,,,,
dim_customer,CUST001548,Jeet Chaudhari,Gopalpur,Madhya Pradesh,Regular,vincentdivan@gmail.com,2026-07-21,,True,2,,,,
dim_customer,CUST001618,Robert Kar,Ranchi,Kerala,Regular,sachi74@gmail.com,1900-01-01,2026-07-20,False,1,,,,
dim_customer,CUST001618,Robert Kar,Hindupur,Madhya Pradesh,Regular,sachi74@gmail.com,2026-07-21,,True,2,,,,
dim_customer,CUST001635,Hitesh Prasad,Tenali,Sikkim,Regular,jrege@hotmail.com,1900-01-01,2026-07-20,False,1,,,,
dim_customer,CUST001635,Hitesh Prasad,Tenali,Sikkim,Silver,jrege@hotmail.com,2026-07-21,,True,2,,,,
dim_customer,CUST001638,Zehaan Wadhwa,Howrah,Mizoram,Regular,ynarasimhan@hotmail.com,1900-01-01,2026-07-20,False,1,,,,
dim_customer,CUST001638,Zehaan Wadhwa,Howrah,Mizoram,Silver,ynarasimhan@hotmail.com,2026-07-21,,True,2,,,,
dim_customer,CUST001649,Chanchal Zacharia,Narasaraopet,Rajasthan,Regular,bhasinfaras@gmail.com,1900-01-01,2026-07-20,False,1,,,,
dim_customer,CUST001649,Chanchal Zacharia,Jorhat,Assam,Regular,bhasinfaras@gmail.com,2026-07-21,,True,2,,,,
dim_customer,CUST001662,Jeremiah Bali,Gudivada,West Bengal,Regular,sanaya64@gmail.com,1900-01-01,2026-07-20,False,1,,,,
dim_customer,CUST001662,Jeremiah Bali,Gudivada,West Bengal,Silver,sanaya64@gmail.com,2026-07-21,,True,2,,,,
dim_customer,CUST001732,Krishna Kapur,Nizamabad,Madhya Pradesh,Silver,ramakrishnanhemani@gmail.com,1900-01-01,2026-07-20,False,1,,,,
dim_customer,CUST001732,Krishna Kapur,Nizamabad,Madhya Pradesh,Gold,ramakrishnanhemani@gmail.com,2026-07-21,,True,2,,,,
dim_customer,CUST001747,Ekiya Gulati,Srikakulam,Karnataka,Gold,narainneel@hotmail.com,1900-01-01,2026-07-20,False,1,,,,
dim_customer,CUST001747,Ekiya Gulati,Ambarnath,Goa,Gold,narainneel@hotmail.com,2026-07-21,,True,2,,,,
dim_customer,CUST001842,Ekani Nagar,Kanpur,Meghalaya,Gold,karanchopra@yahoo.com,1900-01-01,2026-07-20,False,1,,,,
dim_customer,CUST001842,Ekani Nagar,Kanpur,Meghalaya,Platinum,karanchopra@yahoo.com,2026-07-21,,True,2,,,,
dim_customer,CUST001859,Pallavi Kashyap,Jamnagar,Nagaland,Regular,ekapadtank@hotmail.com,1900-01-01,2026-07-20,False,1,,,,
dim_customer,CUST001859,Pallavi Kashyap,Jamnagar,Nagaland,Silver,ekapadtank@hotmail.com,2026-07-21,,True,2,,,,
dim_customer,CUST001869,Aarnav Soman,Jalna,Himachal Pradesh,Regular,swamymadhav@yahoo.com,1900-01-01,2026-07-20,False,1,,,,
dim_customer,CUST001869,Aarnav Soman,Jalna,Himachal Pradesh,Silver,swamymadhav@yahoo.com,2026-07-21,,True,2,,,,
dim_customer,CUST001875,Ubika Brar,Junagadh,Odisha,Regular,sameshbava@hotmail.com,1900-01-01,2026-07-20,False,1,,,,
dim_customer,CUST001875,Ubika Brar,Junagadh,Odisha,Silver,sameshbava@hotmail.com,2026-07-21,,True,2,,,,
dim_customer,CUST001948,Thomas Chowdhury,Phusro,Chhattisgarh,Silver,rameshchakradev@gmail.com,1900-01-01,2026-07-20,False,1,,,,
dim_customer,CUST001948,Thomas Chowdhury,Phusro,Chhattisgarh,Gold,rameshchakradev@gmail.com,2026-07-21,,True,2,,,,
dim_customer,CUST001983,Frado Kakar,Bhind,West Bengal,Regular,ramanathansamuel@yahoo.com,1900-01-01,2026-07-20,False,1,,,,
dim_customer,CUST001983,Frado Kakar,Bhind,West Bengal,Silver,ramanathansamuel@yahoo.com,2026-07-21,,True,2,,,,
dim_customer,CUST002008,Elijah Dora,Bally,Uttarakhand,Regular,toorreva@gmail.com,1900-01-01,2026-07-20,False,1,,,,
dim_customer,CUST002008,Elijah Dora,Mehsana,Chhattisgarh,Regular,toorreva@gmail.com,2026-07-21,,True,2,,,,
dim_customer,CUST002037,Yadavi Swamy,Gorakhpur,Andhra Pradesh,Gold,dhriti90@yahoo.com,1900-01-01,2026-07-20,False,1,,,,
dim_customer,CUST002037,Yadavi Swamy,Gorakhpur,Andhra Pradesh,Platinum,dhriti90@yahoo.com,2026-07-21,,True,2,,,,
dim_customer,CUST002046,Qadim Saini,Panchkula,Arunachal Pradesh,Regular,wasonhardik@hotmail.com,1900-01-01,2026-07-20,False,1,,,,
dim_customer,CUST002046,Qadim Saini,Rourkela,Karnataka,Regular,wasonhardik@hotmail.com,2026-07-21,,True,2,,,,
dim_customer,CUST002062,Balendra Dhawan,Siliguri,Madhya Pradesh,Silver,odika27@yahoo.com,1900-01-01,2026-07-20,False,1,,,,
dim_customer,CUST002062,Balendra Dhawan,Siliguri,Madhya Pradesh,Gold,odika27@yahoo.com,2026-07-21,,True,2,,,,
dim_customer,CUST002064,Indira Memon,Ranchi,Kerala,Silver,amruta44@gmail.com,1900-01-01,2026-07-20,False,1,,,,
dim_customer,CUST002064,Indira Memon,Ranchi,Kerala,Gold,amruta44@gmail.com,2026-07-21,,True,2,,,,
dim_customer,CUST002173,Rayaan Khurana,Hajipur,Nagaland,Gold,zayyanbatta@hotmail.com,1900-01-01,2026-07-20,False,1,,,,
dim_customer,CUST002173,Rayaan Khurana,Hajipur,Nagaland,Platinum,zayyanbatta@hotmail.com,2026-07-21,,True,2,,,,
dim_customer,CUST002191,Jai Mander,Kolhapur,Kerala,Regular,jmadan@yahoo.com,1900-01-01,2026-07-20,False,1,,,,
dim_customer,CUST002191,Jai Mander,Kolhapur,Kerala,Silver,jmadan@yahoo.com,2026-07-21,,True,2,,,,
dim_customer,CUST002212,Lipika Mody,Dewas,Madhya Pradesh,Regular,niteshsastry@yahoo.com,1900-01-01,2026-07-20,False,1,,,,
dim_customer,CUST002212,Lipika Mody,Dewas,Madhya Pradesh,Silver,niteshsastry@yahoo.com,2026-07-21,,True,2,,,,
dim_customer,CUST002262,George Rana,Gandhidham,Nagaland,Silver,yashodaparmar@gmail.com,1900-01-01,2026-07-20,False,1,,,,
dim_customer,CUST002262,George Rana,Gandhidham,Nagaland,Gold,yashodaparmar@gmail.com,2026-07-21,,True,2,,,,
dim_customer,CUST002274,Ethan Bhardwaj,Cuttack,Bihar,Regular,lallamax@gmail.com,1900-01-01,2026-07-20,False,1,,,,
dim_customer,CUST002274,Ethan Bhardwaj,Cuttack,Bihar,Silver,lallamax@gmail.com,2026-07-21,,True,2,,,,
dim_customer,CUST002289,Dakshesh Gade,Ranchi,Uttarakhand,Silver,siddharthsahota@gmail.com,1900-01-01,2026-07-20,False,1,,,,
dim_customer,CUST002289,Dakshesh Gade,Ranchi,Uttarakhand,Gold,siddharthsahota@gmail.com,2026-07-21,,True,2,,,,
dim_customer,CUST002305,Nitara Balasubramanian,Jammu,Himachal Pradesh,Silver,dharfariq@hotmail.com,1900-01-01,2026-07-20,False,1,,,,
dim_customer,CUST002305,Nitara Balasubramanian,Jammu,Himachal Pradesh,Gold,dharfariq@hotmail.com,2026-07-21,,True,2,,,,
dim_customer,CUST002317,Jackson Sarna,Berhampur,Andhra Pradesh,Regular,jatin64@hotmail.com,1900-01-01,2026-07-20,False,1,,,,
dim_customer,CUST002317,Jackson Sarna,Berhampur,Andhra Pradesh,Silver,jatin64@hotmail.com,2026-07-21,,True,2,,,,
dim_customer,CUST002319,Warinder Tara,Kadapa,Tripura,Gold,krishna55@gmail.com,1900-01-01,2026-07-20,False,1,,,,
dim_customer,CUST002319,Warinder Tara,Kadapa,Tripura,Platinum,krishna55@gmail.com,2026-07-21,,True,2,,,,
dim_customer,CUST002367,Mitali Patil,Ambala,Rajasthan,Gold,gdewan@hotmail.com,1900-01-01,2026-07-20,False,1,,,,
dim_customer,CUST002367,Mitali Patil,Ambala,Rajasthan,Platinum,gdewan@hotmail.com,2026-07-21,,True,2,,,,
dim_customer,CUST002422,Girindra Chaudhuri,Shimla,Himachal Pradesh,Gold,eraghavan@yahoo.com,1900-01-01,2026-07-20,False,1,,,,
dim_customer,CUST002422,Girindra Chaudhuri,Shimla,Himachal Pradesh,Platinum,eraghavan@yahoo.com,2026-07-21,,True,2,,,,
dim_customer,CUST002452,Rehaan Randhawa,Ambala,Telangana,Silver,goelgautami@gmail.com,1900-01-01,2026-07-20,False,1,,,,
dim_customer,CUST002452,Rehaan Randhawa,Ambala,Telangana,Gold,goelgautami@gmail.com,2026-07-21,,True,2,,,,
dim_customer,CUST002467,Lila Mandal,Nadiad,Bihar,Regular,davidpatla@yahoo.com,1900-01-01,2026-07-20,False,1,,,,
dim_customer,CUST002467,Lila Mandal,Nadiad,Bihar,Silver,davidpatla@yahoo.com,2026-07-21,,True,2,,,,
dim_customer,CUST002531,Chavvi Anand,Thiruvananthapuram,Jharkhand,Regular,svenkatesh@hotmail.com,1900-01-01,2026-07-20,False,1,,,,
dim_customer,CUST002531,Chavvi Anand,Thiruvananthapuram,Jharkhand,Silver,svenkatesh@hotmail.com,2026-07-21,,True,2,,,,
dim_customer,CUST002548,Sarthak Banik,Aligarh,Assam,Regular,peter14@hotmail.com,1900-01-01,2026-07-20,False,1,,,,
dim_customer,CUST002548,Sarthak Banik,Ramgarh,Sikkim,Regular,peter14@hotmail.com,2026-07-21,,True,2,,,,
dim_customer,CUST002606,Samarth Tiwari,Moradabad,Rajasthan,Regular,wriddhishdugar@hotmail.com,1900-01-01,2026-07-20,False,1,,,,
dim_customer,CUST002606,Samarth Tiwari,Moradabad,Rajasthan,Silver,wriddhishdugar@hotmail.com,2026-07-21,,True,2,,,,
dim_customer,CUST002611,Yug Purohit,Jodhpur,Uttar Pradesh,Regular,zayyandube@yahoo.com,1900-01-01,2026-07-20,False,1,,,,
dim_customer,CUST002611,Yug Purohit,Jodhpur,Uttar Pradesh,Silver,zayyandube@yahoo.com,2026-07-21,,True,2,,,,
dim_customer,CUST002615,Arjun Raghavan,Silchar,Maharashtra,Regular,noah88@yahoo.com,1900-01-01,2026-07-20,False,1,,,,
dim_customer,CUST002615,Arjun Raghavan,Bidar,Sikkim,Regular,noah88@yahoo.com,2026-07-21,,True,2,,,,
dim_customer,CUST002644,Christopher Sekhon,Kishanganj,Nagaland,Regular,aarna54@hotmail.com,1900-01-01,2026-07-20,False,1,,,,
dim_customer,CUST002644,Christopher Sekhon,Kishanganj,Nagaland,Silver,aarna54@hotmail.com,2026-07-21,,True,2,,,,
dim_customer,CUST002689,Michael Konda,Jalgaon,Chhattisgarh,Regular,dingaurav@gmail.com,1900-01-01,2026-07-20,False,1,,,,
dim_customer,CUST002689,Michael Konda,Jalgaon,Chhattisgarh,Silver,dingaurav@gmail.com,2026-07-21,,True,2,,,,
dim_customer,CUST002736,Aradhana Trivedi,Anantapuram,Tamil Nadu,Silver,ypillai@gmail.com,1900-01-01,2026-07-20,False,1,,,,
dim_customer,CUST002736,Aradhana Trivedi,Saharanpur,Haryana,Silver,ypillai@gmail.com,2026-07-21,,True,2,,,,
dim_customer,CUST002755,Fitan Thaman,Ghaziabad,Assam,Regular,fpalla@gmail.com,1900-01-01,2026-07-20,False,1,,,,
dim_customer,CUST002755,Fitan Thaman,Ghaziabad,Assam,Silver,fpalla@gmail.com,2026-07-21,,True,2,,,,
dim_customer,CUST002756,Ekapad Zacharia,Gaya,Goa,Regular,benjamin83@hotmail.com,1900-01-01,2026-07-20,False,1,,,,
dim_customer,CUST002756,Ekapad Zacharia,Gaya,Goa,Silver,benjamin83@hotmail.com,2026-07-21,,True,2,,,,
dim_customer,CUST002765,Jairaj Sundaram,Belgaum,Assam,Regular,ekota@gmail.com,1900-01-01,2026-07-20,False,1,,,,
dim_customer,CUST002765,Jairaj Sundaram,Belgaum,Assam,Silver,ekota@gmail.com,2026-07-21,,True,2,,,,
dim_customer,CUST002868,Bhavya Kari,Ajmer,Meghalaya,Silver,janifiyaz@yahoo.com,1900-01-01,2026-07-20,False,1,,,,
dim_customer,CUST002868,Bhavya Kari,Ajmer,Meghalaya,Gold,janifiyaz@yahoo.com,2026-07-21,,True,2,,,,
dim_customer,CUST002917,Vrinda Trivedi,Berhampore,Bihar,Regular,ekantikachacko@gmail.com,1900-01-01,2026-07-20,False,1,,,,
dim_customer,CUST002917,Vrinda Trivedi,Berhampore,Bihar,Silver,ekantikachacko@gmail.com,2026-07-21,,True,2,,,,
dim_customer,CUST002922,Jairaj Dalal,Katihar,Rajasthan,Regular,balveergole@gmail.com,1900-01-01,2026-07-20,False,1,,,,
dim_customer,CUST002922,Jairaj Dalal,Katihar,Rajasthan,Silver,balveergole@gmail.com,2026-07-21,,True,2,,,,
dim_customer,CUST002962,Jatin Agrawal,Durgapur,Nagaland,Regular,cdeol@hotmail.com,1900-01-01,2026-07-20,False,1,,,,
dim_customer,CUST002962,Jatin Agrawal,Durgapur,Nagaland,Silver,cdeol@hotmail.com,2026-07-21,,True,2,,,,
dim_customer,CUST002963,Yutika Gulati,Sirsa,Nagaland,Regular,misrapeter@gmail.com,1900-01-01,2026-07-20,False,1,,,,
dim_customer,CUST002963,Yutika Gulati,Coimbatore,Madhya Pradesh,Regular,misrapeter@gmail.com,2026-07-21,,True,2,,,,
dim_customer,CUST003033,Leela Barad,Bhavnagar,Tamil Nadu,Regular,ikshitakoshy@gmail.com,1900-01-01,2026-07-20,False,1,,,,
dim_customer,CUST003033,Leela Barad,Bhavnagar,Tamil Nadu,Silver,ikshitakoshy@gmail.com,2026-07-21,,True,2,,,,
dim_customer,CUST003071,Anita Bhattacharyya,Hospet,Gujarat,Gold,whanda@yahoo.com,1900-01-01,2026-07-20,False,1,,,,
dim_customer,CUST003071,Anita Bhattacharyya,Hospet,Gujarat,Platinum,whanda@yahoo.com,2026-07-21,,True,2,,,,
dim_customer,CUST003191,Chakradhar Naik,Bidar,West Bengal,Regular,khuranakrish@gmail.com,1900-01-01,2026-07-20,False,1,,,,
dim_customer,CUST003191,Chakradhar Naik,Bidar,West Bengal,Silver,khuranakrish@gmail.com,2026-07-21,,True,2,,,,
dim_customer,CUST003216,Warda Pall,Patiala,Madhya Pradesh,Regular,eiravatikapadia@yahoo.com,1900-01-01,2026-07-20,False,1,,,,
dim_customer,CUST003216,Warda Pall,Patiala,Madhya Pradesh,Silver,eiravatikapadia@yahoo.com,2026-07-21,,True,2,,,,
dim_customer,CUST003220,Yug Batra,Machilipatnam,Assam,Regular,dhari@gmail.com,1900-01-01,2026-07-20,False,1,,,,
dim_customer,CUST003220,Yug Batra,Kulti,Punjab,Regular,dhari@gmail.com,2026-07-21,,True,2,,,,
dim_customer,CUST003236,Finn Sridhar,Nellore,Himachal Pradesh,Regular,duttareva@yahoo.com,1900-01-01,2026-07-20,False,1,,,,
dim_customer,CUST003236,Finn Sridhar,Nellore,Himachal Pradesh,Silver,duttareva@yahoo.com,2026-07-21,,True,2,,,,
dim_customer,CUST003245,Chakrika Bora,Bathinda,Uttarakhand,Regular,pbobal@yahoo.com,1900-01-01,2026-07-20,False,1,,,,
dim_customer,CUST003245,Chakrika Bora,Bathinda,Uttarakhand,Silver,pbobal@yahoo.com,2026-07-21,,True,2,,,,
dim_customer,CUST003248,Warinder Pingle,Aurangabad,Uttarakhand,Silver,ramanamaira@gmail.com,1900-01-01,2026-07-20,False,1,,,,
dim_customer,CUST003248,Warinder Pingle,Mirzapur,Mizoram,Silver,ramanamaira@gmail.com,2026-07-21,,True,2,,,,
dim_customer,CUST003296,Baljiwan Mohan,Bettiah,Tamil Nadu,Regular,viswanathanindira@yahoo.com,1900-01-01,2026-07-20,False,1,,,,
dim_customer,CUST003296,Baljiwan Mohan,Surendranagar Dudhrej,Arunachal Pradesh,Regular,viswanathanindira@yahoo.com,2026-07-21,,True,2,,,,
dim_customer,CUST003336,Veda Kala,Dibrugarh,Karnataka,Gold,lakshmirau@yahoo.com,1900-01-01,2026-07-20,False,1,,,,
dim_customer,CUST003336,Veda Kala,Dibrugarh,Karnataka,Platinum,lakshmirau@yahoo.com,2026-07-21,,True,2,,,,
dim_customer,CUST003376,Vrishti Kadakia,Pali,Tripura,Regular,kamala84@gmail.com,1900-01-01,2026-07-20,False,1,,,,
dim_customer,CUST003376,Vrishti Kadakia,Pali,Tripura,Silver,kamala84@gmail.com,2026-07-21,,True,2,,,,
dim_customer,CUST003384,Michael Thakur,Sambhal,Haryana,Regular,atikashyap@yahoo.com,1900-01-01,2026-07-20,False,1,,,,
dim_customer,CUST003384,Michael Thakur,Sambhal,Haryana,Silver,atikashyap@yahoo.com,2026-07-21,,True,2,,,,
dim_customer,CUST003407,Zehaan Banerjee,Guntur,Himachal Pradesh,Gold,zsetty@yahoo.com,1900-01-01,2026-07-20,False,1,,,,
dim_customer,CUST003407,Zehaan Banerjee,Guntur,Himachal Pradesh,Platinum,zsetty@yahoo.com,2026-07-21,,True,2,,,,
dim_customer,CUST003440,Nandini Raj,Meerut,West Bengal,Regular,rishiswaminathan@yahoo.com,1900-01-01,2026-07-20,False,1,,,,
dim_customer,CUST003440,Nandini Raj,Meerut,West Bengal,Silver,rishiswaminathan@yahoo.com,2026-07-21,,True,2,,,,
dim_customer,CUST003450,Bhavini Aurora,Sirsa,Tripura,Silver,praneel02@hotmail.com,1900-01-01,2026-07-20,False,1,,,,
dim_customer,CUST003450,Bhavini Aurora,Sirsa,Tripura,Gold,praneel02@hotmail.com,2026-07-21,,True,2,,,,
dim_customer,CUST003471,Orinder Misra,Kulti,Madhya Pradesh,Regular,lakshben@hotmail.com,1900-01-01,2026-07-20,False,1,,,,
dim_customer,CUST003471,Orinder Misra,Jamalpur,Bihar,Regular,lakshben@hotmail.com,2026-07-21,,True,2,,,,
dim_customer,CUST003485,Fitan Aurora,Panipat,Sikkim,Regular,gdyal@gmail.com,1900-01-01,2026-07-20,False,1,,,,
dim_customer,CUST003485,Fitan Aurora,Panipat,Sikkim,Silver,gdyal@gmail.com,2026-07-21,,True,2,,,,
dim_customer,CUST003491,Leela Pal,Agartala,Haryana,Silver,kamala45@yahoo.com,1900-01-01,2026-07-20,False,1,,,,
dim_customer,CUST003491,Leela Pal,Agartala,Haryana,Gold,kamala45@yahoo.com,2026-07-21,,True,2,,,,
dim_customer,CUST003504,Kashish Khanna,Kamarhati,Tripura,Regular,xavier82@hotmail.com,1900-01-01,2026-07-20,False,1,,,,
dim_customer,CUST003504,Kashish Khanna,Kamarhati,Tripura,Silver,xavier82@hotmail.com,2026-07-21,,True,2,,,,
dim_customer,CUST003528,Vedant Pradhan,Ichalkaranji,Odisha,Regular,virkwishi@yahoo.com,1900-01-01,2026-07-20,False,1,,,,
dim_customer,CUST003528,Vedant Pradhan,Ichalkaranji,Odisha,Silver,virkwishi@yahoo.com,2026-07-21,,True,2,,,,
dim_customer,CUST003558,Oeshi Behl,Miryalaguda,Maharashtra,Regular,radhakonda@yahoo.com,1900-01-01,2026-07-20,False,1,,,,
dim_customer,CUST003558,Oeshi Behl,Miryalaguda,Maharashtra,Silver,radhakonda@yahoo.com,2026-07-21,,True,2,,,,
dim_customer,CUST003587,Vritti Mistry,Dewas,Maharashtra,Silver,myadav@yahoo.com,1900-01-01,2026-07-20,False,1,,,,
dim_customer,CUST003587,Vritti Mistry,Ranchi,Himachal Pradesh,Silver,myadav@yahoo.com,2026-07-21,,True,2,,,,
dim_customer,CUST003599,Yadavi Chokshi,Sagar,Telangana,Regular,bawalohit@hotmail.com,1900-01-01,2026-07-20,False,1,,,,
dim_customer,CUST003599,Yadavi Chokshi,Sagar,Telangana,Silver,bawalohit@hotmail.com,2026-07-21,,True,2,,,,
dim_customer,CUST003614,Chaitaly Raju,Mirzapur,Tripura,Silver,lila05@yahoo.com,1900-01-01,2026-07-20,False,1,,,,
dim_customer,CUST003614,Chaitaly Raju,Mirzapur,Tripura,Gold,lila05@yahoo.com,2026-07-21,,True,2,,,,
dim_customer,CUST003625,Faraj Om,Nagpur,Maharashtra,Regular,triptiray@yahoo.com,1900-01-01,2026-07-20,False,1,,,,
dim_customer,CUST003625,Faraj Om,Nagpur,Maharashtra,Silver,triptiray@yahoo.com,2026-07-21,,True,2,,,,
dim_customer,CUST003648,Fitan Bose,Nadiad,Chhattisgarh,Regular,mbanerjee@yahoo.com,1900-01-01,2026-07-20,False,1,,,,
dim_customer,CUST003648,Fitan Bose,Loni,Telangana,Regular,mbanerjee@yahoo.com,2026-07-21,,True,2,,,,
dim_customer,CUST003674,Oeshi Narayanan,Kurnool,Chhattisgarh,Regular,bpadmanabhan@gmail.com,1900-01-01,2026-07-20,False,1,,,,
dim_customer,CUST003674,Oeshi Narayanan,Vijayanagaram,Andhra Pradesh,Regular,bpadmanabhan@gmail.com,2026-07-21,,True,2,,,,
dim_customer,CUST003691,Balveer Swamy,Aurangabad,Uttarakhand,Silver,fiyazsem@gmail.com,1900-01-01,2026-07-20,False,1,,,,
dim_customer,CUST003691,Balveer Swamy,Aurangabad,Uttarakhand,Gold,fiyazsem@gmail.com,2026-07-21,,True,2,,,,
dim_customer,CUST003692,Vasana Nanda,Meerut,Maharashtra,Silver,traman@gmail.com,1900-01-01,2026-07-20,False,1,,,,
dim_customer,CUST003692,Vasana Nanda,Meerut,Maharashtra,Gold,traman@gmail.com,2026-07-21,,True,2,,,,
dim_customer,CUST003707,Wishi Mani,Khandwa,Sikkim,Silver,lopanaik@gmail.com,1900-01-01,2026-07-20,False,1,,,,
dim_customer,CUST003707,Wishi Mani,Satara,Tamil Nadu,Silver,lopanaik@gmail.com,2026-07-21,,True,2,,,,
dim_customer,CUST003711,Neelima Chaudhuri,Mahbubnagar,Tamil Nadu,Regular,nadkarniabeer@hotmail.com,1900-01-01,2026-07-20,False,1,,,,
dim_customer,CUST003711,Neelima Chaudhuri,Aurangabad,Chhattisgarh,Regular,nadkarniabeer@hotmail.com,2026-07-21,,True,2,,,,
dim_customer,CUST003732,Qasim Banik,Amritsar,Bihar,Regular,xdasgupta@yahoo.com,1900-01-01,2026-07-20,False,1,,,,
dim_customer,CUST003732,Qasim Banik,Amritsar,Bihar,Silver,xdasgupta@yahoo.com,2026-07-21,,True,2,,,,
dim_customer,CUST003742,Dhruv Ravi,Tirupati,Gujarat,Gold,issacamol@hotmail.com,1900-01-01,2026-07-20,False,1,,,,
dim_customer,CUST003742,Dhruv Ravi,Ramagundam,Jharkhand,Gold,issacamol@hotmail.com,2026-07-21,,True,2,,,,
dim_customer,CUST003766,Harrison Mohan,Orai,Himachal Pradesh,Regular,unaidu@hotmail.com,1900-01-01,2026-07-20,False,1,,,,
dim_customer,CUST003766,Harrison Mohan,Orai,Himachal Pradesh,Silver,unaidu@hotmail.com,2026-07-21,,True,2,,,,
dim_customer,CUST003770,Ekta Soni,Agartala,Uttar Pradesh,Silver,balendramurty@hotmail.com,1900-01-01,2026-07-20,False,1,,,,
dim_customer,CUST003770,Ekta Soni,Agartala,Uttar Pradesh,Gold,balendramurty@hotmail.com,2026-07-21,,True,2,,,,
dim_customer,CUST003779,Amara Barad,Ambarnath,Jharkhand,Regular,wriddhish30@gmail.com,1900-01-01,2026-07-20,False,1,,,,
dim_customer,CUST003779,Amara Barad,Ambarnath,Jharkhand,Silver,wriddhish30@gmail.com,2026-07-21,,True,2,,,,
dim_customer,CUST003789,Tanmayi Mander,Katihar,Kerala,Silver,hbawa@yahoo.com,1900-01-01,2026-07-20,False,1,,,,
dim_customer,CUST003789,Tanmayi Mander,Katihar,Kerala,Gold,hbawa@yahoo.com,2026-07-21,,True,2,,,,
dim_customer,CUST003830,Dayita Warrior,Howrah,Madhya Pradesh,Regular,sudiksha46@gmail.com,1900-01-01,2026-07-20,False,1,,,,
dim_customer,CUST003830,Dayita Warrior,Tiruvottiyur,Arunachal Pradesh,Regular,sudiksha46@gmail.com,2026-07-21,,True,2,,,,
dim_customer,CUST003875,Bachittar Devi,Rourkela,Telangana,Regular,yashodhara25@yahoo.com,1900-01-01,2026-07-20,False,1,,,,
dim_customer,CUST003875,Bachittar Devi,Rourkela,Telangana,Silver,yashodhara25@yahoo.com,2026-07-21,,True,2,,,,
dim_customer,CUST003894,Patrick Dhingra,Kumbakonam,Punjab,Gold,januja26@hotmail.com,1900-01-01,2026-07-20,False,1,,,,
dim_customer,CUST003894,Patrick Dhingra,Kumbakonam,Punjab,Platinum,januja26@hotmail.com,2026-07-21,,True,2,,,,
dim_customer,CUST003923,Meghana Luthra,Bally,Telangana,Regular,vedadugal@hotmail.com,1900-01-01,2026-07-20,False,1,,,,
dim_customer,CUST003923,Meghana Luthra,Nadiad,Odisha,Regular,vedadugal@hotmail.com,2026-07-21,,True,2,,,,
dim_customer,CUST003940,Yashvi Dey,Phagwara,Haryana,Silver,thakkarirya@gmail.com,1900-01-01,2026-07-20,False,1,,,,
dim_customer,CUST003940,Yashvi Dey,Phagwara,Haryana,Gold,thakkarirya@gmail.com,2026-07-21,,True,2,,,,
dim_customer,CUST003953,Yashasvi Grewal,Nagercoil,Assam,Silver,owenchoudhary@gmail.com,1900-01-01,2026-07-20,False,1,,,,
dim_customer,CUST003953,Yashasvi Grewal,Rewa,Punjab,Silver,owenchoudhary@gmail.com,2026-07-21,,True,2,,,,
dim_customer,CUST003987,Zilmil Basak,Vasai-virar,Nagaland,Regular,dtara@yahoo.com,1900-01-01,2026-07-20,False,1,,,,
dim_customer,CUST003987,Zilmil Basak,Vasai-virar,Nagaland,Silver,dtara@yahoo.com,2026-07-21,,True,2,,,,
dim_customer,CUST004011,Jai Boase,Chandigarh,Manipur,Gold,omya97@yahoo.com,1900-01-01,2026-07-20,False,1,,,,
dim_customer,CUST004011,Jai Boase,Chandigarh,Manipur,Platinum,omya97@yahoo.com,2026-07-21,,True,2,,,,
dim_customer,CUST004028,Indira Dhillon,Shimla,Madhya Pradesh,Gold,doctordominic@hotmail.com,1900-01-01,2026-07-20,False,1,,,,
dim_customer,CUST004028,Indira Dhillon,Nashik,Chhattisgarh,Gold,doctordominic@hotmail.com,2026-07-21,,True,2,,,,
dim_customer,CUST004031,Meghana Vyas,Purnia,Odisha,Regular,gopalgunbir@yahoo.com,1900-01-01,2026-07-20,False,1,,,,
dim_customer,CUST004031,Meghana Vyas,Purnia,Odisha,Silver,gopalgunbir@yahoo.com,2026-07-21,,True,2,,,,
dim_customer,CUST004080,Radha Samra,Durg,Sikkim,Gold,menonsarthak@gmail.com,1900-01-01,2026-07-20,False,1,,,,
dim_customer,CUST004080,Radha Samra,Durg,Sikkim,Platinum,menonsarthak@gmail.com,2026-07-21,,True,2,,,,
dim_customer,CUST004113,Vidhi Babu,Panipat,Meghalaya,Regular,falakverma@gmail.com,1900-01-01,2026-07-20,False,1,,,,
dim_customer,CUST004113,Vidhi Babu,Mau,Nagaland,Regular,falakverma@gmail.com,2026-07-21,,True,2,,,,
dim_customer,CUST004127,Sanaya Chaudhuri,Imphal,Telangana,Gold,yutika01@gmail.com,1900-01-01,2026-07-20,False,1,,,,
dim_customer,CUST004127,Sanaya Chaudhuri,Imphal,Telangana,Platinum,yutika01@gmail.com,2026-07-21,,True,2,,,,
dim_customer,CUST004134,Tripti Chakrabarti,Agra,Maharashtra,Silver,morarkaran@gmail.com,1900-01-01,2026-07-20,False,1,,,,
dim_customer,CUST004134,Tripti Chakrabarti,Agra,Maharashtra,Gold,morarkaran@gmail.com,2026-07-21,,True,2,,,,
dim_customer,CUST004139,Sai Kari,Baranagar,Mizoram,Silver,sinhasamesh@gmail.com,1900-01-01,2026-07-20,False,1,,,,
dim_customer,CUST004139,Sai Kari,Baranagar,Mizoram,Gold,sinhasamesh@gmail.com,2026-07-21,,True,2,,,,
dim_customer,CUST004147,Vanya Chokshi,Morena,Goa,Silver,thakurpushti@hotmail.com,1900-01-01,2026-07-20,False,1,,,,
dim_customer,CUST004147,Vanya Chokshi,Morena,Goa,Gold,thakurpushti@hotmail.com,2026-07-21,,True,2,,,,
dim_customer,CUST004166,Praneel Aggarwal,Allahabad,Mizoram,Regular,ikshitabawa@gmail.com,1900-01-01,2026-07-20,False,1,,,,
dim_customer,CUST004166,Praneel Aggarwal,Asansol,Andhra Pradesh,Regular,ikshitabawa@gmail.com,2026-07-21,,True,2,,,,
dim_customer,CUST004172,Abeer Thakur,Naihati,Punjab,Silver,hnori@gmail.com,1900-01-01,2026-07-20,False,1,,,,
dim_customer,CUST004172,Abeer Thakur,Naihati,Punjab,Gold,hnori@gmail.com,2026-07-21,,True,2,,,,
dim_customer,CUST004203,Nakul Lalla,Nellore,Telangana,Regular,xhayre@yahoo.com,1900-01-01,2026-07-20,False,1,,,,
dim_customer,CUST004203,Nakul Lalla,Nellore,Telangana,Silver,xhayre@yahoo.com,2026-07-21,,True,2,,,,
dim_customer,CUST004225,Vinaya Mann,Jorhat,Meghalaya,Regular,priyasem@gmail.com,1900-01-01,2026-07-20,False,1,,,,
dim_customer,CUST004225,Vinaya Mann,Kumbakonam,Assam,Regular,priyasem@gmail.com,2026-07-21,,True,2,,,,
dim_customer,CUST004232,Charles Narula,Dehri,Himachal Pradesh,Regular,dalajaboase@gmail.com,1900-01-01,2026-07-20,False,1,,,,
dim_customer,CUST004232,Charles Narula,Motihari,Punjab,Regular,dalajaboase@gmail.com,2026-07-21,,True,2,,,,
dim_customer,CUST004260,Nidra Sridhar,Durgapur,Bihar,Silver,varghesekrishna@yahoo.com,1900-01-01,2026-07-20,False,1,,,,
dim_customer,CUST004260,Nidra Sridhar,Bellary,Gujarat,Silver,varghesekrishna@yahoo.com,2026-07-21,,True,2,,,,
dim_customer,CUST004286,Jyoti Om,Adoni,Jharkhand,Regular,isaac03@hotmail.com,1900-01-01,2026-07-20,False,1,,,,
dim_customer,CUST004286,Jyoti Om,Adoni,Jharkhand,Silver,isaac03@hotmail.com,2026-07-21,,True,2,,,,
dim_customer,CUST004302,Warhi Sabharwal,Thiruvananthapuram,Odisha,Silver,usarraf@yahoo.com,1900-01-01,2026-07-20,False,1,,,,
dim_customer,CUST004302,Warhi Sabharwal,Thiruvananthapuram,Odisha,Gold,usarraf@yahoo.com,2026-07-21,,True,2,,,,
dim_customer,CUST004311,Urishilla Devi,Gudivada,Maharashtra,Silver,osankar@hotmail.com,1900-01-01,2026-07-20,False,1,,,,
dim_customer,CUST004311,Urishilla Devi,Gudivada,Maharashtra,Gold,osankar@hotmail.com,2026-07-21,,True,2,,,,
dim_customer,CUST004312,Wahab Mannan,Dibrugarh,Nagaland,Silver,uchadha@hotmail.com,1900-01-01,2026-07-20,False,1,,,,
dim_customer,CUST004312,Wahab Mannan,Dibrugarh,Nagaland,Gold,uchadha@hotmail.com,2026-07-21,,True,2,,,,
dim_customer,CUST004314,Nachiket Sastry,Amravati,Odisha,Regular,oviya12@yahoo.com,1900-01-01,2026-07-20,False,1,,,,
dim_customer,CUST004314,Nachiket Sastry,Mysore,Andhra Pradesh,Regular,oviya12@yahoo.com,2026-07-21,,True,2,,,,
dim_customer,CUST004315,Vanya Ramanathan,Erode,Telangana,Regular,madankrishna@hotmail.com,1900-01-01,2026-07-20,False,1,,,,
dim_customer,CUST004315,Vanya Ramanathan,Raebareli,Sikkim,Regular,madankrishna@hotmail.com,2026-07-21,,True,2,,,,
dim_customer,CUST004338,Hitesh Gulati,Nangloi Jat,Chhattisgarh,Regular,aayush39@hotmail.com,1900-01-01,2026-07-20,False,1,,,,
dim_customer,CUST004338,Hitesh Gulati,Nangloi Jat,Chhattisgarh,Silver,aayush39@hotmail.com,2026-07-21,,True,2,,,,
dim_customer,CUST004349,Amaira Randhawa,Uluberia,Rajasthan,Regular,gautam86@gmail.com,1900-01-01,2026-07-20,False,1,,,,
dim_customer,CUST004349,Amaira Randhawa,Uluberia,Rajasthan,Silver,gautam86@gmail.com,2026-07-21,,True,2,,,,
dim_customer,CUST004354,Chaman Mall,Karimnagar,Telangana,Regular,yugtailor@yahoo.com,1900-01-01,2026-07-20,False,1,,,,
dim_customer,CUST004354,Chaman Mall,Agra,Haryana,Regular,yugtailor@yahoo.com,2026-07-21,,True,2,,,,
dim_customer,CUST004365,Rayaan Loyal,Tadepalligudem,Himachal Pradesh,Gold,savantjanuja@gmail.com,1900-01-01,2026-07-20,False,1,,,,
dim_customer,CUST004365,Rayaan Loyal,Coimbatore,Haryana,Gold,savantjanuja@gmail.com,2026-07-21,,True,2,,,,
dim_customer,CUST004393,Isaiah Din,Raipur,Chhattisgarh,Regular,mitali79@yahoo.com,1900-01-01,2026-07-20,False,1,,,,
dim_customer,CUST004393,Isaiah Din,Raipur,Chhattisgarh,Silver,mitali79@yahoo.com,2026-07-21,,True,2,,,,
dim_customer,CUST004399,Zashil Dalal,Agartala,Haryana,Regular,latadevika@yahoo.com,1900-01-01,2026-07-20,False,1,,,,
dim_customer,CUST004399,Zashil Dalal,Agartala,Haryana,Silver,latadevika@yahoo.com,2026-07-21,,True,2,,,,
dim_customer,CUST004410,Jai Sastry,Suryapet,Andhra Pradesh,Regular,balendralad@yahoo.com,1900-01-01,2026-07-20,False,1,,,,
dim_customer,CUST004410,Jai Sastry,Adoni,Madhya Pradesh,Regular,balendralad@yahoo.com,2026-07-21,,True,2,,,,
dim_customer,CUST004434,Krisha Dubey,Bhatpara,Uttar Pradesh,Silver,bchatterjee@hotmail.com,1900-01-01,2026-07-20,False,1,,,,
dim_customer,CUST004434,Krisha Dubey,Bhatpara,Uttar Pradesh,Gold,bchatterjee@hotmail.com,2026-07-21,,True,2,,,,
dim_customer,CUST004435,Timothy Kunda,Mumbai,Andhra Pradesh,Regular,eganesan@hotmail.com,1900-01-01,2026-07-20,False,1,,,,
dim_customer,CUST004435,Timothy Kunda,Mumbai,Andhra Pradesh,Silver,eganesan@hotmail.com,2026-07-21,,True,2,,,,
dim_customer,CUST004441,Nandini Bhattacharyya,Bhilwara,Manipur,Regular,sagargaurika@gmail.com,1900-01-01,2026-07-20,False,1,,,,
dim_customer,CUST004441,Nandini Bhattacharyya,Bhilwara,Manipur,Silver,sagargaurika@gmail.com,2026-07-21,,True,2,,,,
dim_customer,CUST004545,Ayush Chaudry,Gopalpur,Rajasthan,Regular,natarajanpushti@hotmail.com,1900-01-01,2026-07-20,False,1,,,,
dim_customer,CUST004545,Ayush Chaudry,Gopalpur,Rajasthan,Silver,natarajanpushti@hotmail.com,2026-07-21,,True,2,,,,
dim_customer,CUST004551,Megha Kade,Bijapur,Andhra Pradesh,Regular,yadavekani@hotmail.com,1900-01-01,2026-07-20,False,1,,,,
dim_customer,CUST004551,Megha Kade,Bijapur,Andhra Pradesh,Silver,yadavekani@hotmail.com,2026-07-21,,True,2,,,,
dim_customer,CUST004559,Matthew Sinha,Aizawl,Maharashtra,Silver,darikasachdev@gmail.com,1900-01-01,2026-07-20,False,1,,,,
dim_customer,CUST004559,Matthew Sinha,Aizawl,Maharashtra,Gold,darikasachdev@gmail.com,2026-07-21,,True,2,,,,
dim_customer,CUST004576,Alka Nigam,Gurgaon,Maharashtra,Silver,abdul27@yahoo.com,1900-01-01,2026-07-20,False,1,,,,
dim_customer,CUST004576,Alka Nigam,Gurgaon,Maharashtra,Gold,abdul27@yahoo.com,2026-07-21,,True,2,,,,
dim_customer,CUST004577,Nicholas Sood,Allahabad,Arunachal Pradesh,Regular,jacobbhasin@hotmail.com,1900-01-01,2026-07-20,False,1,,,,
dim_customer,CUST004577,Nicholas Sood,Saharanpur,West Bengal,Regular,jacobbhasin@hotmail.com,2026-07-21,,True,2,,,,
dim_customer,CUST004636,Radhika Savant,Berhampur,West Bengal,Silver,rakshakannan@hotmail.com,1900-01-01,2026-07-20,False,1,,,,
dim_customer,CUST004636,Radhika Savant,Berhampur,West Bengal,Gold,rakshakannan@hotmail.com,2026-07-21,,True,2,,,,
dim_customer,CUST004641,Jalsa Ghose,Kumbakonam,Himachal Pradesh,Regular,lakshit37@yahoo.com,1900-01-01,2026-07-20,False,1,,,,
dim_customer,CUST004641,Jalsa Ghose,Guna,Chhattisgarh,Regular,lakshit37@yahoo.com,2026-07-21,,True,2,,,,
dim_customer,CUST004663,Urmi Pingle,Phusro,Maharashtra,Regular,vluthra@gmail.com,1900-01-01,2026-07-20,False,1,,,,
dim_customer,CUST004663,Urmi Pingle,Phusro,Maharashtra,Silver,vluthra@gmail.com,2026-07-21,,True,2,,,,
dim_customer,CUST004670,Ryan Palla,Shahjahanpur,Mizoram,Regular,rajchampak@yahoo.com,1900-01-01,2026-07-20,False,1,,,,
dim_customer,CUST004670,Ryan Palla,Rajahmundry,Uttarakhand,Regular,rajchampak@yahoo.com,2026-07-21,,True,2,,,,
dim_customer,CUST004715,Kala Lall,Morbi,Telangana,Regular,kalaayaan@yahoo.com,1900-01-01,2026-07-20,False,1,,,,
dim_customer,CUST004715,Kala Lall,Morbi,Telangana,Silver,kalaayaan@yahoo.com,2026-07-21,,True,2,,,,
dim_customer,CUST004754,Sai Dyal,Pune,Jharkhand,Silver,hemanggokhale@hotmail.com,1900-01-01,2026-07-20,False,1,,,,
dim_customer,CUST004754,Sai Dyal,Sri Ganganagar,Madhya Pradesh,Silver,hemanggokhale@hotmail.com,2026-07-21,,True,2,,,,
dim_customer,CUST004759,Mitali Madan,Hindupur,Karnataka,Silver,eiravatibhatnagar@yahoo.com,1900-01-01,2026-07-20,False,1,,,,
dim_customer,CUST004759,Mitali Madan,Hindupur,Karnataka,Gold,eiravatibhatnagar@yahoo.com,2026-07-21,,True,2,,,,
dim_customer,CUST004761,Oviya Kulkarni,Mehsana,Karnataka,Silver,zzacharia@gmail.com,1900-01-01,2026-07-20,False,1,,,,
dim_customer,CUST004761,Oviya Kulkarni,Mehsana,Karnataka,Gold,zzacharia@gmail.com,2026-07-21,,True,2,,,,
dim_customer,CUST004820,Ucchal Gala,Firozabad,Nagaland,Regular,andrew72@gmail.com,1900-01-01,2026-07-20,False,1,,,,
dim_customer,CUST004820,Ucchal Gala,Firozabad,Nagaland,Silver,andrew72@gmail.com,2026-07-21,,True,2,,,,
dim_customer,CUST004866,Divya Bhandari,Siliguri,Meghalaya,Regular,aryatella@yahoo.com,1900-01-01,2026-07-20,False,1,,,,
dim_customer,CUST004866,Divya Bhandari,Dhanbad,Goa,Regular,aryatella@yahoo.com,2026-07-21,,True,2,,,,
dim_customer,CUST004884,Andrew Bobal,Alappuzha,Sikkim,Regular,asehgal@gmail.com,1900-01-01,2026-07-20,False,1,,,,
dim_customer,CUST004884,Andrew Bobal,Alappuzha,Sikkim,Silver,asehgal@gmail.com,2026-07-21,,True,2,,,,
dim_customer,CUST004984,Aadi Garg,Ujjain,Maharashtra,Gold,oommenyutika@hotmail.com,1900-01-01,2026-07-20,False,1,,,,
dim_customer,CUST004984,Aadi Garg,Tirupati,Meghalaya,Gold,oommenyutika@hotmail.com,2026-07-21,,True,2,,,,
dim_product,PROD00003,,,,,,1900-01-01,2026-07-20,False,1,Wakefit Furniture Item 3,Furniture,Wakefit,40790.89
dim_product,PROD00003,,,,,,2026-07-21,,True,2,Wakefit Furniture Item 3,Furniture,Wakefit,38635.08
dim_product,PROD00011,,,,,,1900-01-01,2026-07-20,False,1,Nilkamal Furniture Item 11,Furniture,Nilkamal,47155.14
dim_product,PROD00011,,,,,,2026-07-21,,True,2,Nilkamal Furniture Item 11,Furniture,Nilkamal,48245.88
dim_product,PROD00046,,,,,,1900-01-01,2026-07-20,False,1,Hot Wheels Toys Item 46,Toys,Hot Wheels,45529.34
dim_product,PROD00046,,,,,,2026-07-21,,True,2,Hot Wheels Toys Item 46,Toys,Hot Wheels,43694.81
dim_product,PROD00058,,,,,,1900-01-01,2026-07-20,False,1,Urban Ladder Furniture Item 58,Furniture,Urban Ladder,32971.97
dim_product,PROD00058,,,,,,2026-07-21,,True,2,Urban Ladder Furniture Item 58,Furniture,Urban Ladder,34464.95
dim_product,PROD00066,,,,,,1900-01-01,2026-07-20,False,1,Roadster Fashion Item 66,Fashion,Roadster,35376.31
dim_product,PROD00066,,,,,,2026-07-21,,True,2,Roadster Fashion Item 66,Fashion,Roadster,31032.59
dim_product,PROD00099,,,,,,1900-01-01,2026-07-20,False,1,Puma Fashion Item 99,Fashion,Puma,21004.03
dim_product,PROD00099,,,,,,2026-07-21,,True,2,Puma Fashion Item 99,Fashion,Puma,18633.53
dim_product,PROD00129,,,,,,1900-01-01,2026-07-20,False,1,Roadster Fashion Item 129,Fashion,Roadster,33341.57
dim_product,PROD00129,,,,,,2026-07-21,,True,2,Roadster Fashion Item 129,Fashion,Roadster,36610.90
dim_product,PROD00133,,,,,,1900-01-01,2026-07-20,False,1,Mamaearth Beauty Item 133,Beauty,Mamaearth,73134.90
dim_product,PROD00133,,,,,,2026-07-21,,True,2,Mamaearth Beauty Item 133,Beauty,Mamaearth,66129.89
dim_product,PROD00149,,,,,,1900-01-01,2026-07-20,False,1,Scholastic Books Item 149,Books,Scholastic,58994.18
dim_product,PROD00149,,,,,,2026-07-21,,True,2,Scholastic Books Item 149,Books,Scholastic,61249.53
dim_product,PROD00201,,,,,,1900-01-01,2026-07-20,False,1,L'oreal Beauty Item 201,Beauty,L'oreal,36123.83
dim_product,PROD00201,,,,,,2026-07-21,,True,2,L'oreal Beauty Item 201,Beauty,L'oreal,31333.80
dim_product,PROD00214,,,,,,1900-01-01,2026-07-20,False,1,Roadster Fashion Item 214,Fashion,Roadster,45845.28
dim_product,PROD00214,,,,,,2026-07-21,,True,2,Roadster Fashion Item 214,Fashion,Roadster,39929.25
dim_product,PROD00250,,,,,,1900-01-01,2026-07-20,False,1,Adidas Fashion Item 250,Fashion,Adidas,14882.83
dim_product,PROD00250,,,,,,2026-07-21,,True,2,Adidas Fashion Item 250,Fashion,Adidas,16483.34
dim_product,PROD00256,,,,,,1900-01-01,2026-07-20,False,1,Hometown Furniture Item 256,Furniture,Hometown,21835.74
dim_product,PROD00256,,,,,,2026-07-21,,True,2,Hometown Furniture Item 256,Furniture,Hometown,19332.00
dim_product,PROD00281,,,,,,1900-01-01,2026-07-20,False,1,Hot Wheels Toys Item 281,Toys,Hot Wheels,23450.96
dim_product,PROD00281,,,,,,2026-07-21,,True,2,Hot Wheels Toys Item 281,Toys,Hot Wheels,20375.05
dim_product,PROD00300,,,,,,1900-01-01,2026-07-20,False,1,Lg Electronics Item 300,Electronics,Lg,47847.11
dim_product,PROD00300,,,,,,2026-07-21,,True,2,Lg Electronics Item 300,Electronics,Lg,46894.65
dim_product,PROD00317,,,,,,1900-01-01,2026-07-20,False,1,Yonex Sports Item 317,Sports,Yonex,56080.89
dim_product,PROD00317,,,,,,2026-07-21,,True,2,Yonex Sports Item 317,Sports,Yonex,57453.75
dim_product,PROD00370,,,,,,1900-01-01,2026-07-20,False,1,Nilkamal Furniture Item 370,Furniture,Nilkamal,9742.59
dim_product,PROD00370,,,,,,2026-07-21,,True,2,Nilkamal Furniture Item 370,Furniture,Nilkamal,9182.83
dim_product,PROD00377,,,,,,1900-01-01,2026-07-20,False,1,Adidas Fashion Item 377,Fashion,Adidas,621.06
dim_product,PROD00377,,,,,,2026-07-21,,True,2,Adidas Fashion Item 377,Fashion,Adidas,679.96
dim_product,PROD00451,,,,,,1900-01-01,2026-07-20,False,1,Nilkamal Furniture Item 451,Furniture,Nilkamal,56869.74
dim_product,PROD00451,,,,,,2026-07-21,,True,2,Nilkamal Furniture Item 451,Furniture,Nilkamal,55581.97
dim_product,PROD00452,,,,,,1900-01-01,2026-07-20,False,1,Adidas Fashion Item 452,Fashion,Adidas,27548.19
dim_product,PROD00452,,,,,,2026-07-21,,True,2,Adidas Fashion Item 452,Fashion,Adidas,26949.78
dim_product,PROD00497,,,,,,1900-01-01,2026-07-20,False,1,Mamaearth Beauty Item 497,Beauty,Mamaearth,50870.41
dim_product,PROD00497,,,,,,2026-07-21,,True,2,Mamaearth Beauty Item 497,Beauty,Mamaearth,44345.31
dim_product,PROD00505,,,,,,1900-01-01,2026-07-20,False,1,Levi's Fashion Item 505,Fashion,Levi's,69573.61
dim_product,PROD00505,,,,,,2026-07-21,,True,2,Levi's Fashion Item 505,Fashion,Levi's,65182.32
dim_product,PROD00515,,,,,,1900-01-01,2026-07-20,False,1,Hot Wheels Toys Item 515,Toys,Hot Wheels,1559.02
dim_product,PROD00515,,,,,,2026-07-21,,True,2,Hot Wheels Toys Item 515,Toys,Hot Wheels,1781.77
dim_product,PROD00521,,,,,,1900-01-01,2026-07-20,False,1,Mattel Toys Item 521,Toys,Mattel,35293.39
dim_product,PROD00521,,,,,,2026-07-21,,True,2,Mattel Toys Item 521,Toys,Mattel,37203.47
dim_product,PROD00559,,,,,,1900-01-01,2026-07-20,False,1,Allen Solly Fashion Item 559,Fashion,Allen Solly,2004.25
dim_product,PROD00559,,,,,,2026-07-21,,True,2,Allen Solly Fashion Item 559,Fashion,Allen Solly,1739.45
dim_product,PROD00581,,,,,,1900-01-01,2026-07-20,False,1,Lakme Beauty Item 581,Beauty,Lakme,58766.84
dim_product,PROD00581,,,,,,2026-07-21,,True,2,Lakme Beauty Item 581,Beauty,Lakme,52495.04
dim_product,PROD00604,,,,,,1900-01-01,2026-07-20,False,1,Mamaearth Beauty Item 604,Beauty,Mamaearth,74751.76
dim_product,PROD00604,,,,,,2026-07-21,,True,2,Mamaearth Beauty Item 604,Beauty,Mamaearth,64379.86
dim_product,PROD00605,,,,,,1900-01-01,2026-07-20,False,1,Nivia Sports Item 605,Sports,Nivia,60543.44
dim_product,PROD00605,,,,,,2026-07-21,,True,2,Nivia Sports Item 605,Sports,Nivia,62097.50
dim_product,PROD00612,,,,,,1900-01-01,2026-07-20,False,1,Ikea Furniture Item 612,Furniture,Ikea,61519.99
dim_product,PROD00612,,,,,,2026-07-21,,True,2,Ikea Furniture Item 612,Furniture,Ikea,62182.23
dim_product,PROD00666,,,,,,1900-01-01,2026-07-20,False,1,Lego Toys Item 666,Toys,Lego,25098.87
dim_product,PROD00666,,,,,,2026-07-21,,True,2,Lego Toys Item 666,Toys,Lego,25154.86
dim_product,PROD00698,,,,,,1900-01-01,2026-07-20,False,1,Boat Electronics Item 698,Electronics,Boat,35799.32
dim_product,PROD00698,,,,,,2026-07-21,,True,2,Boat Electronics Item 698,Electronics,Boat,40607.62
dim_product,PROD00713,,,,,,1900-01-01,2026-07-20,False,1,Nilkamal Furniture Item 713,Furniture,Nilkamal,13805.92
dim_product,PROD00713,,,,,,2026-07-21,,True,2,Nilkamal Furniture Item 713,Furniture,Nilkamal,13277.42
dim_product,PROD00724,,,,,,1900-01-01,2026-07-20,False,1,Adidas Fashion Item 724,Fashion,Adidas,45018.90
dim_product,PROD00724,,,,,,2026-07-21,,True,2,Adidas Fashion Item 724,Fashion,Adidas,45663.72
dim_product,PROD00768,,,,,,1900-01-01,2026-07-20,False,1,Pigeon Home Item 768,Home,Pigeon,71270.66
dim_product,PROD00768,,,,,,2026-07-21,,True,2,Pigeon Home Item 768,Home,Pigeon,64983.71
dim_product,PROD00769,,,,,,1900-01-01,2026-07-20,False,1,Funskool Toys Item 769,Toys,Funskool,9620.92
dim_product,PROD00769,,,,,,2026-07-21,,True,2,Funskool Toys Item 769,Toys,Funskool,9084.50
dim_product,PROD00835,,,,,,1900-01-01,2026-07-20,False,1,Philips Electronics Item 835,Electronics,Philips,66839.47
dim_product,PROD00835,,,,,,2026-07-21,,True,2,Philips Electronics Item 835,Electronics,Philips,57747.62
dim_product,PROD00857,,,,,,1900-01-01,2026-07-20,False,1,Urban Ladder Furniture Item 857,Furniture,Urban Ladder,53897.25
dim_product,PROD00857,,,,,,2026-07-21,,True,2,Urban Ladder Furniture Item 857,Furniture,Urban Ladder,49422.25
dim_product,PROD00880,,,,,,1900-01-01,2026-07-20,False,1,Pearson Books Item 880,Books,Pearson,12874.42
dim_product,PROD00880,,,,,,2026-07-21,,True,2,Pearson Books Item 880,Books,Pearson,11525.89
dim_product,PROD00917,,,,,,1900-01-01,2026-07-20,False,1,Noise Electronics Item 917,Electronics,Noise,66369.40
dim_product,PROD00917,,,,,,2026-07-21,,True,2,Noise Electronics Item 917,Electronics,Noise,64312.22
dim_product,PROD00995,,,,,,1900-01-01,2026-07-20,False,1,Nilkamal Furniture Item 995,Furniture,Nilkamal,69361.46
dim_product,PROD00995,,,,,,2026-07-21,,True,2,Nilkamal Furniture Item 995,Furniture,Nilkamal,72252.03
